Name,First choice,Second choice,Third choice,Fourth choice,Fifth choice,"Non-CS courses, if any, e.g., EE 475, IEMS 313",Current major,Current degree program,Quarter of entry,Undergraduate major,"Specialization, if any",Programming languages you know well,Courses you've taken (not MOOCs),# of courses gotten,got first choice?,got second choice?,got third choice?,got fourth choice?,got fifth choice?
name001,CS 348 AI MWF 11:00 AM-11:50 AM,CS 343 Operating Systems TuTh 09:30 AM-10:50 AM,CS 321 Programming languages TuTh 03:30 PM-04:50 PM,,,,CE,MS,Fall 2021,EE,AI/ML,"C/C++, Java, Python, R","Algorithms, Data structures, Machine learning, Operating systems",0
name002,CS 371 Knowledge Representation and Reasoning TuTh 02:00 PM-03:20 PM,CS 496 Visualization for Scientific Communication W 03:00 PM-05:50 PM,CS 396 Modeling Relationships with Causal Inference MW 05:00 PM-06:20 PM,CS 348 AI MWF 11:00 AM-11:50 AM,CS 349 ML MW 12:30 PM-01:50 PM,,CS,PhD,Fall 2021,CS,HCI/Graphics,"C/C++, Java, Python",,0
name003,CS 396 Generative Methods MW 08:00 AM-09:20 AM,CS 396 Intro to Web Development MW 12:30 PM-01:50 PM,CS 396 Advanced Algorithm Design through the Lens of Competitive Programming F 02:00 PM-04:50 PM,CS 397/497 Data Privacy TuTh 03:30 PM-04:50 PM,CS 496 Distributed Systems in Challenging Environments MW 03:30 PM-04:50 PM,,CS,MS,Fall 2021,CS,AI/ML,"C/C++, C#, Java, JavaScript, Python","Algorithms, Data structures, Databases, Discrete math, Machine learning, Networks, Statistics",0
name004,CS 396 Communicating Computer Science MW 05:00 PM-06:20 PM,CS 396 Intro to Web Development MW 12:30 PM-01:50 PM,,,,,Technology and Social Behavior,PhD,Fall 2021,Business Administration,HCI/Graphics,Python,"Algorithms, Data structures, Databases, Discrete math, Networks, Statistics",0
name005,CS 496 Graduate Algorithms TuTh 11:00 AM-12:20 PM,CS 496 Distributed Systems in Challenging Environments MW 03:30 PM-04:50 PM,CS 396 Modeling Relationships with Causal Inference MW 05:00 PM-06:20 PM,CS 396 Advanced Algorithm Design through the Lens of Competitive Programming F 02:00 PM-04:50 PM,CS 396 Communicating Computer Science MW 05:00 PM-06:20 PM,,CS,MS,Fall 2021,CS,Distributed systems and ML,"C/C++, Java, JavaScript, PHP, Python, Rust","Algorithms, Data structures, Databases, Discrete math, Machine learning, Networks, Operating systems, Statistics",0
name006,CS 396 Generative Methods MW 08:00 AM-09:20 AM,CS 396 Social Networks Analysis Th 06:30 PM-09:20 PM,CS 396 Communicating Computer Science MW 05:00 PM-06:20 PM,CS 496 The Design of Technological tools for Thinking and learning W 02:00 PM-04:50 PM,CS 396 Modeling Relationships with Causal Inference MW 05:00 PM-06:20 PM,,CS,BS/MS,Fall 2020,CS,None,"C#, Java, JavaScript, Lisp, PHP, Python","Algorithms, Data structures, Databases, Discrete math, Machine learning, Networks, Statistics",0
name007,CS 396 Intro to Web Development MW 12:30 PM-01:50 PM,CS 348 AI MWF 11:00 AM-11:50 AM,CS 349 ML MW 12:30 PM-01:50 PM,CS 396/496 Interactive Information Visualization TuTh 03:30 PM-04:50 PM,CS 338 Practicum in Intelligent Information Systems TuTh 11:00 AM-12:20 PM,,CS,MS,Fall 2021,CS,HCI/Graphics,"Java, JavaScript, PHP, Python, Ruby, Rust","Algorithms, Compilers, Data structures, Databases, Discrete math, Operating systems, Statistics",0
name008,CS 396 Intro to Web Development MW 12:30 PM-01:50 PM,CS 348 AI MWF 11:00 AM-11:50 AM,CS 349 ML MW 12:30 PM-01:50 PM,CS 396/496 Interactive Information Visualization TuTh 03:30 PM-04:50 PM,CS 338 Practicum in Intelligent Information Systems TuTh 11:00 AM-12:20 PM,,CS,MS,Fall 2021,CS,HCI/Graphics,"C/C++, C#, Java, JavaScript, PHP, Python","Algorithms, Data structures, Databases, Discrete math, Networks, Operating systems",0
name010,CS 339 Databases TuTh 11:00 AM-12:20 PM,CS 396 Intro to Web Development MW 12:30 PM-01:50 PM,CS 336 Algorithms TuTh 09:30 AM-10:50 AM,CS 321 Programming languages TuTh 03:30 PM-04:50 PM,CS 377 Game Development Studio MW 06:30 PM-07:50 PM,,EE,MS,Winter 2021,CE,Systems,"C/C++, C#, Java, Python, Rust","Compilers, Data structures, Discrete math, Machine learning, Statistics, intro to game design",0
name011,CS 396/496 Advanced Topics in Modern Cryptography TuTh 09:30 AM-10:50 AM,CS 349 ML MW 12:30 PM-01:50 PM,CS 397/497 Data Privacy TuTh 03:30 PM-04:50 PM,CS 340 Networking TuTh 09:30 AM-10:50 AM,CS 336 Algorithms TuTh 09:30 AM-10:50 AM,,CS,MS,Fall 2021,CS,Security + AI/ML,"Python, Rust","Networks, Introduction to Artificial Intelligence, Introduction to Cryptography, Fundamentals of Blockchain and Decentralization",0
name012,CS 396 Generative Methods MW 08:00 AM-09:20 AM,CS 349 ML MW 12:30 PM-01:50 PM,CS 496 Graduate Algorithms TuTh 11:00 AM-12:20 PM,CS 396/496 Advanced Topics in Modern Cryptography TuTh 09:30 AM-10:50 AM,CS 377 Game Development Studio MW 06:30 PM-07:50 PM,,CS,MS,Fall 2021,CS,,"C/C++, C#, Go, Java, JavaScript, PHP, Python","Algorithms, Compilers, Data structures, Databases, Discrete math, Networks, Operating systems, Statistics",0
name013,CS 396/496 Advanced Topics in Modern Cryptography TuTh 09:30 AM-10:50 AM,CS 397/497 INNOVATION LAB Building Technologies for the Law Tu 02:30 PM-05:30 PM,,,,,CS,MS,Fall 2021,Economics,,"Java, JavaScript, Python","Algorithms, Data structures, Discrete math, Machine learning, Networks, Statistics",0
name014,CS 396/496 Interactive Information Visualization TuTh 03:30 PM-04:50 PM,CS 397/497 INNOVATION LAB Building Technologies for the Law Tu 02:30 PM-05:30 PM,CS 496 Visualization for Scientific Communication W 03:00 PM-05:50 PM,CS 377 Game Development Studio MW 06:30 PM-07:50 PM,CS 496 The Design of Technological tools for Thinking and learning W 02:00 PM-04:50 PM,,CS,MS,Fall 2021,Economics,HCI/Graphics,"C/C++, C#, JavaScript, Python","Algorithms, Data structures, Discrete math, Machine learning, Networks, Statistics",0
name015,CS 371 Knowledge Representation and Reasoning TuTh 02:00 PM-03:20 PM,,,,,,CS,PhD,Fall 2019,Physics,AI/ML,"C/C++, Python","Algorithms, Data structures, Machine learning",0
name016,CS 396 Advanced Algorithm Design through the Lens of Competitive Programming F 02:00 PM-04:50 PM,CS 396 Modeling Relationships with Causal Inference MW 05:00 PM-06:20 PM,CS 496 Visualization for Scientific Communication W 03:00 PM-05:50 PM,CS 331 Intro. Computation Phototography MW 12:30 PM-01:50 PM,CS 496 Distributed Systems in Challenging Environments MW 03:30 PM-04:50 PM,,CS,MS,Winter 2021,CS,HCI/Graphics,"C/C++, Java, JavaScript, PHP, Python","Algorithms, Compilers, Data structures, Databases, Discrete math, Machine learning, Networks, Operating systems, Statistics",0
name017,CS 396 Intro to Web Development MW 12:30 PM-01:50 PM,CS 396 Social Networks Analysis Th 06:30 PM-09:20 PM,CS 396/496 Interactive Information Visualization TuTh 03:30 PM-04:50 PM,,,,CS,MS,Fall 2021,CS,HCI/Graphics,"C/C++, JavaScript, Python","Algorithms, Data structures, Databases, Discrete math, Operating systems",0
name018,CS 396/496 Interactive Information Visualization TuTh 03:30 PM-04:50 PM,CS 397/497 Data Privacy TuTh 03:30 PM-04:50 PM,CS 343 Operating Systems TuTh 09:30 AM-10:50 AM,CS 339 Databases TuTh 11:00 AM-12:20 PM,CS 340 Networking TuTh 09:30 AM-10:50 AM,,CS,MS,Fall 2021,CS,,"C/C++, C#, Go, Java, JavaScript, PHP, Python, Ruby, Rust","Algorithms, Compilers, Data structures, Databases, Discrete math, Machine learning, Networks, Operating systems, Statistics",0
name019,CS 321 Programming languages TuTh 03:30 PM-04:50 PM,CS 322 Compilers TuTh 05:00 PM-06:20 PM,CS 331 Intro. Computation Phototography MW 12:30 PM-01:50 PM,CS 336 Algorithms TuTh 09:30 AM-10:50 AM,CS 338 Practicum in Intelligent Information Systems TuTh 11:00 AM-12:20 PM,,EE,MS,Fall 2021,management science,optimization,Python,"Machine learning, computer vision; digital signal processing",0
name020,CS 496 Graduate Algorithms TuTh 11:00 AM-12:20 PM,CS 396 Kolmogorov Complexity TuTh 12:30 PM-01:50 PM,CS 336 Algorithms TuTh 09:30 AM-10:50 AM,,,,CS,PhD,Fall 2021,CS,Theory,"C/C++, Java",Machine learning,0
name021,CS 396 Social Networks Analysis Th 06:30 PM-09:20 PM,CS 336 Algorithms TuTh 09:30 AM-10:50 AM,CS 348 AI MWF 11:00 AM-11:50 AM,CS 339 Databases TuTh 11:00 AM-12:20 PM,CS 396 Communicating Computer Science MW 05:00 PM-06:20 PM,,EE,MS,Fall 2021,EE,AI/ML,"C/C++, JavaScript, Python","Discrete math, Machine learning, Statistics",0
name022,CS 340 Networking TuTh 09:30 AM-10:50 AM,CS 331 Intro. Computation Phototography MW 12:30 PM-01:50 PM,CS 377 Game Development Studio MW 06:30 PM-07:50 PM,CS 351.2 Intermediate CG TuTh 02:00 PM-03:20 PM,,,CS,MS,Fall 2021,CS,,"C/C++, Python",,0
name023,CS 496 The Design of Technological tools for Thinking and learning W 02:00 PM-04:50 PM,CS 336 Algorithms TuTh 09:30 AM-10:50 AM,CS 396/496 Interactive Information Visualization TuTh 03:30 PM-04:50 PM,CS 349 ML MW 12:30 PM-01:50 PM,CS 396 Social Networks Analysis Th 06:30 PM-09:20 PM,,CS,MS,Fall 2021,IT,HCI/Graphics,"C/C++, Java, JavaScript, Python, Matlab, SQL","Data structures, Databases, Discrete math, Networks, Statistics",0
name024,CS 396 Generative Methods MW 08:00 AM-09:20 AM,CS 396 Modeling Relationships with Causal Inference MW 05:00 PM-06:20 PM,CS 396/496 Advanced Topics in Modern Cryptography TuTh 09:30 AM-10:50 AM,CS 496 Visualization for Scientific Communication W 03:00 PM-05:50 PM,CS 397/497 Data Privacy TuTh 03:30 PM-04:50 PM,,CS,MS,Fall 2021,CS,AI/ML,"C/C++, Java, JavaScript, PHP, Python, Rust","Algorithms, Compilers, Data structures, Databases, Discrete math, Machine learning, Networks, Operating systems, Statistics",0
name025,CS 377 Game Development Studio MW 06:30 PM-07:50 PM,CS 396/496 Interactive Information Visualization TuTh 03:30 PM-04:50 PM,CS 496 Distributed Systems in Challenging Environments MW 03:30 PM-04:50 PM,,,,CS,MS,Fall 2021,CS,,,,0
name026,CS 349 ML MW 12:30 PM-01:50 PM,CS 336 Algorithms TuTh 09:30 AM-10:50 AM,CS 348 AI MWF 11:00 AM-11:50 AM,CS 396 Advanced Algorithm Design through the Lens of Competitive Programming F 02:00 PM-04:50 PM,CS 496 Topics in Complexity MW 03:30 PM-04:50 PM,,CS,MS,Fall 2021,CS,,"C/C++, Python","Algorithms, Compilers, Data structures, Databases, Discrete math, Networks, Operating systems, Statistics",0
name027,CS 371 Knowledge Representation and Reasoning TuTh 02:00 PM-03:20 PM,CS 396 Generative Methods MW 08:00 AM-09:20 AM,CS 396 Modeling Relationships with Causal Inference MW 05:00 PM-06:20 PM,,,,CE,PhD,Fall 2019,EE,AI/ML,"C/C++, Java, Python","Algorithms, Data structures, Discrete math, Machine learning, Networks, Operating systems, Statistics",0
name028,CS 336 Algorithms TuTh 09:30 AM-10:50 AM,CS 348 AI MWF 11:00 AM-11:50 AM,CS 349 ML MW 12:30 PM-01:50 PM,CS 396 Generative Methods MW 08:00 AM-09:20 AM,CS 496 The Design of Technological tools for Thinking and learning W 02:00 PM-04:50 PM,,CS,MS,Fall 2021,Linguistics,AI/ML,"JavaScript, Python","Data structures, Discrete math",0
name029,CS 496 Distributed Systems in Challenging Environments MW 03:30 PM-04:50 PM,CS 339 Databases TuTh 11:00 AM-12:20 PM,CS 396 Intro to Web Development MW 12:30 PM-01:50 PM,CS 348 AI MWF 11:00 AM-11:50 AM,CS 396/496 Interactive Information Visualization TuTh 03:30 PM-04:50 PM,,CS,MS,Fall 2021,CS,AI/ML,"C/C++, Java, JavaScript, Python","Algorithms, Compilers, Data structures, Databases, Discrete math, Machine learning, Networks, Operating systems, Statistics",0
name030,CS 371 Knowledge Representation and Reasoning TuTh 02:00 PM-03:20 PM,,,,,,CS,MS,Fall 2021,CS,AI/ML,"Java, Python","Algorithms, Data structures, Discrete math, Machine learning, Operating systems, Statistics, Deep Learning, Linear Algebra",0
name031,CS 343 Operating Systems TuTh 09:30 AM-10:50 AM,,,,,,CE,PhD,Fall 2020,CE,Systems,"C/C++, Java, Python",Compilers,0
name032,CS 396 Intro to Web Development MW 12:30 PM-01:50 PM,CS 396/496 Interactive Information Visualization TuTh 03:30 PM-04:50 PM,,,,,CS,MS,Winter 2021,CS and Math,AI/ML,Python,"Algorithms, Data structures, Discrete math, Machine learning, Networks, Operating systems, Statistics",0
name033,CS 348 AI MWF 11:00 AM-11:50 AM,CS 377 Game Development Studio MW 06:30 PM-07:50 PM,CS 396 Advanced Algorithm Design through the Lens of Competitive Programming F 02:00 PM-04:50 PM,CS 396/496 Interactive Information Visualization TuTh 03:30 PM-04:50 PM,CS 397/497 Data Privacy TuTh 03:30 PM-04:50 PM,,CS,MS,Fall 2021,CS,,"C/C++, C#, Java, JavaScript, PHP, Python","Algorithms, Compilers, Data structures, Discrete math, Machine learning, Operating systems, Statistics",0
name034,CS 340 Networking TuTh 09:30 AM-10:50 AM,CS 351.2 Intermediate CG TuTh 02:00 PM-03:20 PM,CS 496 Distributed Systems in Challenging Environments MW 03:30 PM-04:50 PM,CS 396 Advanced Algorithm Design through the Lens of Competitive Programming F 02:00 PM-04:50 PM,,,CS,PhD,Fall 2021,CS,Systems,"C/C++, C#, Python","Algorithms, Compilers, Data structures, Databases, Discrete math, Machine learning, Operating systems, Statistics",0
name035,CS 322 Compilers TuTh 05:00 PM-06:20 PM,,,,,,CS,PhD,Fall 2021,,Systems,"C/C++, Python",,0
name036,CS 396 Social Networks Analysis Th 06:30 PM-09:20 PM,CS 340 Networking TuTh 09:30 AM-10:50 AM,CS 396 Communicating Computer Science MW 05:00 PM-06:20 PM,CS 377 Game Development Studio MW 06:30 PM-07:50 PM,,,CS,MS,Winter 2020,CS,,"C/C++, C#, Java, JavaScript, Python","Algorithms, Data structures, Databases, Discrete math, Machine learning, Statistics",0
name037,CS 336 Algorithms TuTh 09:30 AM-10:50 AM,CS 371 Knowledge Representation and Reasoning TuTh 02:00 PM-03:20 PM,CS 396/496 Interactive Information Visualization TuTh 03:30 PM-04:50 PM,CS 349 ML MW 12:30 PM-01:50 PM,CS 338 Practicum in Intelligent Information Systems TuTh 11:00 AM-12:20 PM,,CS,MS,Fall 2021,CS,AI/ML,"C/C++, Java, Python","Algorithms, Data structures, Databases, Discrete math, Machine learning, Statistics",0
name038,CS 336 Algorithms TuTh 09:30 AM-10:50 AM,CS 339 Databases TuTh 11:00 AM-12:20 PM,CS 348 AI MWF 11:00 AM-11:50 AM,CS 396 Intro to Web Development MW 12:30 PM-01:50 PM,CS 321 Programming languages TuTh 03:30 PM-04:50 PM,,EE,MS,Fall 2021,EE,,,,0
name039,CS 336 Algorithms TuTh 09:30 AM-10:50 AM,CS 348 AI MWF 11:00 AM-11:50 AM,CS 338 Practicum in Intelligent Information Systems TuTh 11:00 AM-12:20 PM,CS 396/496 Interactive Information Visualization TuTh 03:30 PM-04:50 PM,CS 331 Intro. Computation Phototography MW 12:30 PM-01:50 PM,,CS,MS,Fall 2021,CS,AI/ML,"C/C++, JavaScript, Python","Algorithms, Compilers, Data structures, Databases, Discrete math, Machine learning, Networks, Operating systems, Statistics",0
name040,CS 336 Algorithms TuTh 09:30 AM-10:50 AM,CS 338 Practicum in Intelligent Information Systems TuTh 11:00 AM-12:20 PM,CS 396/496 Interactive Information Visualization TuTh 03:30 PM-04:50 PM,CS 331 Intro. Computation Phototography MW 12:30 PM-01:50 PM,CS 339 Databases TuTh 11:00 AM-12:20 PM,,CS,MS,Fall 2021,CS,,"C/C++, Java, Python","Algorithms, Compilers, Data structures, Databases, Discrete math, Machine learning, Networks, Operating systems, Statistics",0
name041,CS 343 Operating Systems TuTh 09:30 AM-10:50 AM,,,,,,CS,PhD,Fall 2020,Urban Planning,Systems,"C/C++, Python",Compilers,0
name042,CS 331 Intro. Computation Phototography MW 12:30 PM-01:50 PM,,,,,,CS,PhD,Fall 2021,Math,HCI/Graphics,"C/C++, Python","Discrete math, Machine learning",0
name043,CS 336 Algorithms TuTh 09:30 AM-10:50 AM,CS 396 Intro to Web Development MW 12:30 PM-01:50 PM,CS 396 Social Networks Analysis Th 06:30 PM-09:20 PM,CS 377 Game Development Studio MW 06:30 PM-07:50 PM,CS 348 AI MWF 11:00 AM-11:50 AM,,CS,MS,Fall 2021,CS,AI/ML,"C/C++, C#, Java, JavaScript, Python, Ruby, Rust","Networks, Operating systems, Statistics",0
name044,CS 496 Graduate Algorithms TuTh 11:00 AM-12:20 PM,CS 396 Advanced Algorithm Design through the Lens of Competitive Programming F 02:00 PM-04:50 PM,CS 349 ML MW 12:30 PM-01:50 PM,CS 496 Topics in Complexity MW 03:30 PM-04:50 PM,CS 396 Kolmogorov Complexity TuTh 12:30 PM-01:50 PM,,CS,PhD,Fall 2021,Math,Theory,Python,"Algorithms, Data structures, Discrete math, Statistics",0
name045,CS 340 Networking TuTh 09:30 AM-10:50 AM,CS 396 Intro to Web Development MW 12:30 PM-01:50 PM,CS 396/496 Interactive Information Visualization TuTh 03:30 PM-04:50 PM,CS 343 Operating Systems TuTh 09:30 AM-10:50 AM,CS 496 Visualization for Scientific Communication W 03:00 PM-05:50 PM,,CS,MS,Fall 2021,CS,Systems,"C/C++, JavaScript, Python","Algorithms, Compilers, Data structures, Databases, Discrete math, Machine learning, Operating systems",0
name046,CS 396/496 Advanced Topics in Modern Cryptography TuTh 09:30 AM-10:50 AM,CS 396/496 Interactive Information Visualization TuTh 03:30 PM-04:50 PM,CS 348 AI MWF 11:00 AM-11:50 AM,CS 396 Generative Methods MW 08:00 AM-09:20 AM,CS 331 Intro. Computation Phototography MW 12:30 PM-01:50 PM,,CS,MS,Fall 2021,CE,,"Java, Python","Data structures, Databases, Machine learning, Networks, Statistics",0
name047,CS 349 ML MW 12:30 PM-01:50 PM,CS 351.2 Intermediate CG TuTh 02:00 PM-03:20 PM,CS 339 Databases TuTh 11:00 AM-12:20 PM,,,,EE,MS,Fall 2021,EE,,,"Algorithms, Data structures, Machine learning",0
name048,CS 340 Networking TuTh 09:30 AM-10:50 AM,CS 396/496 Interactive Information Visualization TuTh 03:30 PM-04:50 PM,CS 496 The Design of Technological tools for Thinking and learning W 02:00 PM-04:50 PM,CS 343 Operating Systems TuTh 09:30 AM-10:50 AM,CS 377 Game Development Studio MW 06:30 PM-07:50 PM,,CS,MS,Fall 2021,CS and Mathematics,AI/ML,"C/C++, C#, Go, Java, JavaScript, PHP, Python, Ruby","Algorithms, Compilers, Data structures, Databases, Discrete math, Machine learning, Networks, Operating systems, Statistics",0
name049,CS 343 Operating Systems TuTh 09:30 AM-10:50 AM,CS 340 Networking TuTh 09:30 AM-10:50 AM,CS 339 Databases TuTh 11:00 AM-12:20 PM,CS 396 Communicating Computer Science MW 05:00 PM-06:20 PM,CS 396/496 Advanced Topics in Modern Cryptography TuTh 09:30 AM-10:50 AM,,CE,MS,Fall 2021,Telecommunications Engineering,Systems,"C/C++, Python",,0
name050,CS 396/496 Interactive Information Visualization TuTh 03:30 PM-04:50 PM,,,,,,CS,PhD,Fall 2020,CS,Theory,"Java, JavaScript, Python","Algorithms, Data structures, Discrete math, Machine learning, Operating systems, Statistics",0
name051,CS 340 Networking TuTh 09:30 AM-10:50 AM,CS 396/496 Interactive Information Visualization TuTh 03:30 PM-04:50 PM,CS 396 Intro to Web Development MW 12:30 PM-01:50 PM,CS 377 Game Development Studio MW 06:30 PM-07:50 PM,CS 371 Knowledge Representation and Reasoning TuTh 02:00 PM-03:20 PM,,CS,MS,Fall 2021,Neuroscience,HCI/Graphics,"C/C++, C#, JavaScript, Lisp","Algorithms, Data structures, Discrete math, Statistics",0
name052,CS 496 Graduate Algorithms TuTh 11:00 AM-12:20 PM,CS 339 Databases TuTh 11:00 AM-12:20 PM,CS 496 Distributed Systems in Challenging Environments MW 03:30 PM-04:50 PM,CS 340 Networking TuTh 09:30 AM-10:50 AM,CS 343 Operating Systems TuTh 09:30 AM-10:50 AM,,CS,MS,Fall 2021,CS,,"C/C++, Java, Python","Algorithms, Compilers, Data structures, Databases, Discrete math, Machine learning, Networks, Operating systems, Statistics",0
name053,CS 343 Operating Systems TuTh 09:30 AM-10:50 AM,CS 340 Networking TuTh 09:30 AM-10:50 AM,CS 496 Graduate Algorithms TuTh 11:00 AM-12:20 PM,CS 348 AI MWF 11:00 AM-11:50 AM,,,CS,MS,Fall 2021,Math,AI/ML,"C/C++, Java, JavaScript, Python","Algorithms, Compilers, Data structures, Discrete math, Machine learning, Statistics",0
name054,CS 496 Distributed Systems in Challenging Environments MW 03:30 PM-04:50 PM,CS 496 Visualization for Scientific Communication W 03:00 PM-05:50 PM,CS 496 Graduate Algorithms TuTh 11:00 AM-12:20 PM,,,,CS,PhD,Fall 2021,CS,Systems,"C/C++, Java, JavaScript, Python","Algorithms, Data structures, Databases, Machine learning, Networks, Operating systems",0
name055,CS 377 Game Development Studio MW 06:30 PM-07:50 PM,CS 396/496 Interactive Information Visualization TuTh 03:30 PM-04:50 PM,CS 397/497 INNOVATION LAB Building Technologies for the Law Tu 02:30 PM-05:30 PM,CS 397/497 Data Privacy TuTh 03:30 PM-04:50 PM,CS 397/497 Data Privacy TuTh 03:30 PM-04:50 PM,,CS,MS,Winter 2021,Economics,,"C/C++, C#, Java, JavaScript, Python","Data structures, Discrete math, Machine learning",0
name056,CS 336 Algorithms TuTh 09:30 AM-10:50 AM,CS 496 Graduate Algorithms TuTh 11:00 AM-12:20 PM,CS 496 Topics in Complexity MW 03:30 PM-04:50 PM,CS 340 Networking TuTh 09:30 AM-10:50 AM,CS 396 Communicating Computer Science MW 05:00 PM-06:20 PM,,EE,PhD,Fall 2021,EE,AI/ML,"C/C++, Python, Rust","Data structures, Machine learning, Operating systems",0
name057,CS 496 Topics in Complexity MW 03:30 PM-04:50 PM,CS 496 Visualization for Scientific Communication W 03:00 PM-05:50 PM,CS 397/497 Data Privacy TuTh 03:30 PM-04:50 PM,,,,CS,PhD,Fall 2020,CS,Theory,Python,"Algorithms, Data structures, Discrete math, Machine learning, Statistics",0
name058,CS 343 Operating Systems TuTh 09:30 AM-10:50 AM,CS 322 Compilers TuTh 05:00 PM-06:20 PM,CS 496 Distributed Systems in Challenging Environments MW 03:30 PM-04:50 PM,CS 340 Networking TuTh 09:30 AM-10:50 AM,,,CS,MS,Fall 2021,CS,Systems,"C/C++, C#","Algorithms, Compilers, Data structures, Databases, Discrete math, Machine learning, Networks, Operating systems, Statistics",0
name059,CS 340 Networking TuTh 09:30 AM-10:50 AM,CS 339 Databases TuTh 11:00 AM-12:20 PM,CS 349 ML MW 12:30 PM-01:50 PM,CS 371 Knowledge Representation and Reasoning TuTh 02:00 PM-03:20 PM,CS 338 Practicum in Intelligent Information Systems TuTh 11:00 AM-12:20 PM,,MSIT,MSIT,Fall 2021,CS,AI/ML,"C/C++, Go, Java, JavaScript, Python, Rust","Algorithms, Data structures, Databases, Discrete math, Machine learning, Statistics",0
name060,CS 348 AI MWF 11:00 AM-11:50 AM,CS 349 ML MW 12:30 PM-01:50 PM,CS 339 Databases TuTh 11:00 AM-12:20 PM,CS 336 Algorithms TuTh 09:30 AM-10:50 AM,,,EE,PhD,Before Fall 2019,EE,AI/ML,Python,Statistics,0
name061,CS 396 Advanced Algorithm Design through the Lens of Competitive Programming F 02:00 PM-04:50 PM,CS 396/496 Interactive Information Visualization TuTh 03:30 PM-04:50 PM,CS 396 Communicating Computer Science MW 05:00 PM-06:20 PM,CS 396 Generative Methods MW 08:00 AM-09:20 AM,,,CS,MS,Fall 2020,CS,,"C/C++, Java, JavaScript, Python","Algorithms, Data structures, Databases, Discrete math, Machine learning, Networks, Operating systems, Statistics",0
name062,CS 396 Generative Methods MW 08:00 AM-09:20 AM,CS 396/496 Interactive Information Visualization TuTh 03:30 PM-04:50 PM,CS 396 Intro to Web Development MW 12:30 PM-01:50 PM,CS 396 Social Networks Analysis Th 06:30 PM-09:20 PM,,,CS,MS,Fall 2021,Human Resources Management,,"Java, JavaScript","Algorithms, Data structures, Statistics",0
name063,CS 396/496 Advanced Topics in Modern Cryptography TuTh 09:30 AM-10:50 AM,CS 339 Databases TuTh 11:00 AM-12:20 PM,,,,,CS,PhD,Summer 2021,CS,Systems,"C/C++, Java, Lisp, Python","Algorithms, Compilers, Data structures, Discrete math, Machine learning, Networks, Operating systems",0
name064,CS 496 Distributed Systems in Challenging Environments MW 03:30 PM-04:50 PM,CS 396/496 Interactive Information Visualization TuTh 03:30 PM-04:50 PM,,,CS 343 Operating Systems TuTh 09:30 AM-10:50 AM,,CS,MS,Fall 2021,CE,,"C/C++, JavaScript, Python","Algorithms, Data structures, Discrete math, Machine learning, Networks, Statistics",0
name065,CS 343 Operating Systems TuTh 09:30 AM-10:50 AM,CS 336 Algorithms TuTh 09:30 AM-10:50 AM,,,,,CE,MS,Winter 2021,,,"C/C++, C#, Python","Compilers, Machine learning",0
name066,CS 396 Generative Methods MW 08:00 AM-09:20 AM,CS 338 Practicum in Intelligent Information Systems TuTh 11:00 AM-12:20 PM,CS 371 Knowledge Representation and Reasoning TuTh 02:00 PM-03:20 PM,CS 377 Game Development Studio MW 06:30 PM-07:50 PM,CS 339 Databases TuTh 11:00 AM-12:20 PM,,CS,MS,Fall 2021,CS,AI/ML,"C#, Java, Python","Algorithms, Compilers, Data structures, Discrete math, Machine learning, Statistics",0
name067,CS 349 ML MW 12:30 PM-01:50 PM,CS 338 Practicum in Intelligent Information Systems TuTh 11:00 AM-12:20 PM,CS 321 Programming languages TuTh 03:30 PM-04:50 PM,CS 496 Graduate Algorithms TuTh 11:00 AM-12:20 PM,CS 397/497 INNOVATION LAB Building Technologies for the Law Tu 02:30 PM-05:30 PM,,CS,MS,Fall 2021,CS,AI/ML,"C/C++, Python","Algorithms, Compilers, Data structures, Databases, Discrete math, Machine learning, Networks, Operating systems, Statistics",0
name068,CS 496 Distributed Systems in Challenging Environments MW 03:30 PM-04:50 PM,CS 377 Game Development Studio MW 06:30 PM-07:50 PM,CS 336 Algorithms TuTh 09:30 AM-10:50 AM,CS 397/497 Data Privacy TuTh 03:30 PM-04:50 PM,CS 340 Networking TuTh 09:30 AM-10:50 AM,,MSIT,MSIT,Fall 2021,CS,Software Engineering,"C/C++, Java, JavaScript, PHP, Python, Rust","Algorithms, Data structures, Databases, Discrete math, Machine learning, Networks, Operating systems, Statistics",0
name069,CS 396 Social Networks Analysis Th 06:30 PM-09:20 PM,CS 396 Intro to Web Development MW 12:30 PM-01:50 PM,CS 396 Generative Methods MW 08:00 AM-09:20 AM,CS 396/496 Interactive Information Visualization TuTh 03:30 PM-04:50 PM,CS 496 Visualization for Scientific Communication W 03:00 PM-05:50 PM,,EE,PhD,Fall 2019,EE,AI/ML,"C/C++, Python","Algorithms, Data structures, Discrete math, Machine learning, Networks, Statistics",0
name070,CS 351.2 Intermediate CG TuTh 02:00 PM-03:20 PM,CS 396 Intro to Web Development MW 12:30 PM-01:50 PM,,,,,EE,MS,Fall 2021,EE,HCI/Graphics,"C/C++, Java, JavaScript, Python","Data structures, Networks, Statistics",0
name071,CS 349 ML MW 12:30 PM-01:50 PM,CS 339 Databases TuTh 11:00 AM-12:20 PM,CS 371 Knowledge Representation and Reasoning TuTh 02:00 PM-03:20 PM,CS 331 Intro. Computation Phototography MW 12:30 PM-01:50 PM,CS 336 Algorithms TuTh 09:30 AM-10:50 AM,,CE,MS,Spring 2021,EE,AI/ML,"C/C++, Go, Python","Data structures, Databases, Machine learning",0
name072,CS 349 ML MW 12:30 PM-01:50 PM,CS 339 Databases TuTh 11:00 AM-12:20 PM,CS 340 Networking TuTh 09:30 AM-10:50 AM,CS 331 Intro. Computation Phototography MW 12:30 PM-01:50 PM,CS 351.2 Intermediate CG TuTh 02:00 PM-03:20 PM,,EE,MS,Fall 2021,Automation,,Python,Machine learning,0
name073,CS 396 Intro to Web Development MW 12:30 PM-01:50 PM,CS 338 Practicum in Intelligent Information Systems TuTh 11:00 AM-12:20 PM,CS 377 Game Development Studio MW 06:30 PM-07:50 PM,CS 496 The Design of Technological tools for Thinking and learning W 02:00 PM-04:50 PM,CS 336 Algorithms TuTh 09:30 AM-10:50 AM,,CS,MS,Fall 2021,CS,,"C/C++, Java, JavaScript, Python","Algorithms, Compilers, Data structures, Databases, Discrete math, Networks, Operating systems, Statistics",0
name074,CS 396 Intro to Web Development MW 12:30 PM-01:50 PM,CS 339 Databases TuTh 11:00 AM-12:20 PM,CS 496 Graduate Algorithms TuTh 11:00 AM-12:20 PM,,,,CS,MS,Fall 2021,CS,,"Java, JavaScript","Algorithms, Data structures, Databases, Operating systems",0
name075,CS 340 Networking TuTh 09:30 AM-10:50 AM,CS 397/497 Data Privacy TuTh 03:30 PM-04:50 PM,CS 339 Databases TuTh 11:00 AM-12:20 PM,CS 396/496 Interactive Information Visualization TuTh 03:30 PM-04:50 PM,CS 343 Operating Systems TuTh 09:30 AM-10:50 AM,,CS,MS,Winter 2021,CS,,"C/C++, C#, Python","Algorithms, Data structures, Discrete math, Machine learning, Statistics",0
name076,CS 397/497 INNOVATION LAB Building Technologies for the Law Tu 02:30 PM-05:30 PM,CS 396 Social Networks Analysis Th 06:30 PM-09:20 PM,CS 338 Practicum in Intelligent Information Systems TuTh 11:00 AM-12:20 PM,CS 371 Knowledge Representation and Reasoning TuTh 02:00 PM-03:20 PM,CS 396/496 Interactive Information Visualization TuTh 03:30 PM-04:50 PM,,CS,PhD,Fall 2021,,AI/ML,,,0
name077,CS 321 Programming languages TuTh 03:30 PM-04:50 PM,CS 348 AI MWF 11:00 AM-11:50 AM,CS 396 Intro to Web Development MW 12:30 PM-01:50 PM,CS 397/497 INNOVATION LAB Building Technologies for the Law Tu 02:30 PM-05:30 PM,CS 396 Social Networks Analysis Th 06:30 PM-09:20 PM,,CE,MS,Fall 2021,EE,AI/ML,"C/C++, C#, Java, Python","Algorithms, Data structures, Machine learning",0
name078,CS 339 Databases TuTh 11:00 AM-12:20 PM,CS 340 Networking TuTh 09:30 AM-10:50 AM,CS 396 Intro to Web Development MW 12:30 PM-01:50 PM,CS 343 Operating Systems TuTh 09:30 AM-10:50 AM,,,CE,MS,Fall 2021,Robot Science,AI/ML,"C/C++, C#, Java, JavaScript, PHP, Python, Rust, Matlab / GSGL","Data structures, Databases, Discrete math, Machine learning, Operating systems, Statistics",0
name079,CS 396 Generative Methods MW 08:00 AM-09:20 AM,CS 377 Game Development Studio MW 06:30 PM-07:50 PM,CS 396 Intro to Web Development MW 12:30 PM-01:50 PM,CS 348 AI MWF 11:00 AM-11:50 AM,CS 349 ML MW 12:30 PM-01:50 PM,,CS,MS,Fall 2021,CS,,C#,,0
name080,CS 396 Generative Methods MW 08:00 AM-09:20 AM,CS 321 Programming languages TuTh 03:30 PM-04:50 PM,CS 371 Knowledge Representation and Reasoning TuTh 02:00 PM-03:20 PM,,,,CS,MS,Winter 2021,CS,,"C/C++, Java, JavaScript, Python","Algorithms, Data structures, Databases, Discrete math, Networks, Operating systems, Statistics",0
name081,CS 496 Graduate Algorithms TuTh 11:00 AM-12:20 PM,CS 343 Operating Systems TuTh 09:30 AM-10:50 AM,CS 396 Intro to Web Development MW 12:30 PM-01:50 PM,CS 340 Networking TuTh 09:30 AM-10:50 AM,CS 348 AI MWF 11:00 AM-11:50 AM,,CS,MS,Fall 2021,Math,,"C/C++, Java, JavaScript, Python","Algorithms, Data structures, Databases, Discrete math, Machine learning",0
name082,CS 396 Social Networks Analysis Th 06:30 PM-09:20 PM,,,,,,MSIT,MSIT,Winter 2021,CS,AI/ML,"C/C++, C#, Java, JavaScript, Python","Algorithms, Data structures, Databases, Discrete math, Machine learning, Networks, Operating systems, Statistics",0
name083,CS 348 AI MWF 11:00 AM-11:50 AM,CS 338 Practicum in Intelligent Information Systems TuTh 11:00 AM-12:20 PM,CS 396 Social Networks Analysis Th 06:30 PM-09:20 PM,CS 339 Databases TuTh 11:00 AM-12:20 PM,CS 340 Networking TuTh 09:30 AM-10:50 AM,,CE,MS,Fall 2021,EE,,"C/C++, Python, Rust","Data structures, Machine learning, Networks, Statistics",0
name084,CS 349 ML MW 12:30 PM-01:50 PM,CS 371 Knowledge Representation and Reasoning TuTh 02:00 PM-03:20 PM,CS 396/496 Interactive Information Visualization TuTh 03:30 PM-04:50 PM,CS 396 Communicating Computer Science MW 05:00 PM-06:20 PM,CS 339 Databases TuTh 11:00 AM-12:20 PM,,CS,PhD,Fall 2021,CS,AI/ML,"C/C++, Python","Algorithms, Data structures, Discrete math, Networks, Operating systems",0
name085,CS 339 Databases TuTh 11:00 AM-12:20 PM,CS 340 Networking TuTh 09:30 AM-10:50 AM,CS 343 Operating Systems TuTh 09:30 AM-10:50 AM,CS 396 Intro to Web Development MW 12:30 PM-01:50 PM,,,MSR,MS,Fall 2021,Mechanical Engineering,None,"C/C++, Python","Machine learning, Computer System",0
name086,CS 349 ML MW 12:30 PM-01:50 PM,CS 396 Advanced Algorithm Design through the Lens of Competitive Programming F 02:00 PM-04:50 PM,CS 348 AI MWF 11:00 AM-11:50 AM,CS 339 Databases TuTh 11:00 AM-12:20 PM,CS 396 Intro to Web Development MW 12:30 PM-01:50 PM,,MSR,MS,Winter 2021,ME,Robotics,Python,"Statistics, CV",0
name087,CS 348 AI MWF 11:00 AM-11:50 AM,CS 377 Game Development Studio MW 06:30 PM-07:50 PM,CS 396/496 Interactive Information Visualization TuTh 03:30 PM-04:50 PM,CS 339 Databases TuTh 11:00 AM-12:20 PM,,,CS,MS,Fall 2021,Management of Information System,web,"C#, Java, JavaScript, PHP, Python","Data structures, Databases, Statistics",0
name088,CS 496 Graduate Algorithms TuTh 11:00 AM-12:20 PM,CS 496 Distributed Systems in Challenging Environments MW 03:30 PM-04:50 PM,CS 322 Compilers TuTh 05:00 PM-06:20 PM,CS 339 Databases TuTh 11:00 AM-12:20 PM,CS 331 Intro. Computation Phototography MW 12:30 PM-01:50 PM,,CS,MS,Fall 2021,CS,Big Data(Storage),"Java, Python","Algorithms, Data structures, Machine learning, Networks, Statistics",0
name089,CS 396 Generative Methods MW 08:00 AM-09:20 AM,CS 349 ML MW 12:30 PM-01:50 PM,CS 496 The Design of Technological tools for Thinking and learning W 02:00 PM-04:50 PM,,,,CS+LS,PhD,Fall 2021,,"Undecided, but interested in AI/ML","C/C++, Java","Data structures, Discrete math",0
name090,CS 321 Programming languages TuTh 03:30 PM-04:50 PM,CS 336 Algorithms TuTh 09:30 AM-10:50 AM,CS 339 Databases TuTh 11:00 AM-12:20 PM,,,,EE,MS,Fall 2021,EE,,,Machine learning,0
name091,CS 339 Databases TuTh 11:00 AM-12:20 PM,CS 343 Operating Systems TuTh 09:30 AM-10:50 AM,CS 396 Social Networks Analysis Th 06:30 PM-09:20 PM,,,,CE,PhD,Fall 2020,Physics,High-performance computing and machine learning,"C/C++, Python, Matlab","Data structures, Discrete math, Machine learning, Statistics, Lots of physics courses and other math courses.",0
name092,CS 348 AI MWF 11:00 AM-11:50 AM,CS 349 ML MW 12:30 PM-01:50 PM,CS 336 Algorithms TuTh 09:30 AM-10:50 AM,CS 496 Visualization for Scientific Communication W 03:00 PM-05:50 PM,,,CS,MS,Fall 2021,CS,AI/ML,"C/C++, Python",,0
name093,CS 336 Algorithms TuTh 09:30 AM-10:50 AM,CS 339 Databases TuTh 11:00 AM-12:20 PM,CS 396 Intro to Web Development MW 12:30 PM-01:50 PM,CS 396/496 Interactive Information Visualization TuTh 03:30 PM-04:50 PM,CS 496 Distributed Systems in Challenging Environments MW 03:30 PM-04:50 PM,,EE,MS,Spring 2021,,,"Go, Java, JavaScript, Python","Data structures, Machine learning, Networks, Operating systems, Statistics",0
name094,CS 371 Knowledge Representation and Reasoning TuTh 02:00 PM-03:20 PM,,,,,,CS,PhD,Fall 2020,ECE,AI/ML,"Java, Lisp, Python","Algorithms, Data structures, Databases, Discrete math, Machine learning, Operating systems, Statistics",0
name095,CS 331 Intro. Computation Phototography MW 12:30 PM-01:50 PM,CS 371 Knowledge Representation and Reasoning TuTh 02:00 PM-03:20 PM,CS 496 Graduate Algorithms TuTh 11:00 AM-12:20 PM,CS 322 Compilers TuTh 05:00 PM-06:20 PM,CS 349 ML MW 12:30 PM-01:50 PM,,CS,MS,Fall 2021,CS,Systems,"C/C++, Go","Algorithms, Compilers, Data structures, Databases, Discrete math, Machine learning, Networks, Operating systems, Statistics",0
name096,CS 348 AI MWF 11:00 AM-11:50 AM,CS 396/496 Advanced Topics in Modern Cryptography TuTh 09:30 AM-10:50 AM,CS 377 Game Development Studio MW 06:30 PM-07:50 PM,CS 396 Intro to Web Development MW 12:30 PM-01:50 PM,,,CS,MS,Fall 2021,,AI/ML,"C/C++, Java, JavaScript, Python",,0
name097,CS 396 Advanced Algorithm Design through the Lens of Competitive Programming F 02:00 PM-04:50 PM,CS 339 Databases TuTh 11:00 AM-12:20 PM,CS 321 Programming languages TuTh 03:30 PM-04:50 PM,CS 396 Modeling Relationships with Causal Inference MW 05:00 PM-06:20 PM,CS 396 Social Networks Analysis Th 06:30 PM-09:20 PM,,CS,MS,Spring 2021,CS,Theory,"C/C++, C#, Go, Java, JavaScript, Python, Rust","Algorithms, Data structures, Databases, Discrete math, Machine learning, Networks, Operating systems, Statistics",0
name098,CS 338 Practicum in Intelligent Information Systems TuTh 11:00 AM-12:20 PM,CS 396 Intro to Web Development MW 12:30 PM-01:50 PM,CS 377 Game Development Studio MW 06:30 PM-07:50 PM,,,,CS,MS,Spring 2021,CS,,"C/C++, C#, Java, JavaScript, Python","Algorithms, Data structures, Discrete math, Machine learning, Networks",0
name099,CS 349 ML MW 12:30 PM-01:50 PM,CS 348 AI MWF 11:00 AM-11:50 AM,,,,,CS,PhD,Fall 2021,,AI/ML,Python,,0
name100,CS 343 Operating Systems TuTh 09:30 AM-10:50 AM,CS 377 Game Development Studio MW 06:30 PM-07:50 PM,CS 340 Networking TuTh 09:30 AM-10:50 AM,,,,CE,MS,Fall 2021,EE,Systems,"C/C++, Python",Computer Graphics,0
name101,CS 396 Generative Methods MW 08:00 AM-09:20 AM,CS 321 Programming languages TuTh 03:30 PM-04:50 PM,CS 396 Intro to Web Development MW 12:30 PM-01:50 PM,CS 396 Social Networks Analysis Th 06:30 PM-09:20 PM,,,CS,MS,Spring 2021,CS,AI/ML,"C/C++, Java, JavaScript, Python","Algorithms, Compilers, Data structures, Databases, Discrete math, Machine learning, Networks, Operating systems, Statistics",0
name102,CS 396/496 Interactive Information Visualization TuTh 03:30 PM-04:50 PM,CS 396 Intro to Web Development MW 12:30 PM-01:50 PM,CS 338 Practicum in Intelligent Information Systems TuTh 11:00 AM-12:20 PM,CS 348 AI MWF 11:00 AM-11:50 AM,CS 339 Databases TuTh 11:00 AM-12:20 PM,,CS,MS,Fall 2021,CS,HCI/Graphics,"C/C++, Go, Java, JavaScript","Algorithms, Compilers, Data structures, Networks, Operating systems",0
name103,CS 371 Knowledge Representation and Reasoning TuTh 02:00 PM-03:20 PM,CS 349 ML MW 12:30 PM-01:50 PM,CS 348 AI MWF 11:00 AM-11:50 AM,,,,CS,PhD,Fall 2021,EE,AI/ML,"JavaScript, Lisp","Algorithms, Machine learning",0
name104,CS 396/496 Interactive Information Visualization TuTh 03:30 PM-04:50 PM,CS 396 Social Networks Analysis Th 06:30 PM-09:20 PM,CS 348 AI MWF 11:00 AM-11:50 AM,CS 396 Intro to Web Development MW 12:30 PM-01:50 PM,CS 339 Databases TuTh 11:00 AM-12:20 PM,,CS,MS,Fall 2021,CS,AI/ML,"C/C++, Java, JavaScript, Python","Algorithms, Compilers, Data structures, Databases, Discrete math, Machine learning, Networks, Operating systems, Statistics",0
name105,CS 496 Visualization for Scientific Communication W 03:00 PM-05:50 PM,CS 496 The Design of Technological tools for Thinking and learning W 02:00 PM-04:50 PM,CS 396 Communicating Computer Science MW 05:00 PM-06:20 PM,,,,EE,PhD,Fall 2019,CS,AI/ML,"C/C++, Python","Databases, Machine learning, Deep learning",0
name106,CS 396 Social Networks Analysis Th 06:30 PM-09:20 PM,CS 396 Social Networks Analysis Th 06:30 PM-09:20 PM,CS 396 Social Networks Analysis Th 06:30 PM-09:20 PM,,,,MSIT,MS,Fall 2021,CS,Systems,"C/C++, Java, JavaScript, PHP, Python, R, SAS, MIPS,HTML","Algorithms, Data structures, Databases, Discrete math, Machine learning, Operating systems, Statistics",0
name107,CS 371 Knowledge Representation and Reasoning TuTh 02:00 PM-03:20 PM,CS 339 Databases TuTh 11:00 AM-12:20 PM,CS 496 Graduate Algorithms TuTh 11:00 AM-12:20 PM,CS 336 Algorithms TuTh 09:30 AM-10:50 AM,CS 322 Compilers TuTh 05:00 PM-06:20 PM,,CS,MS,Fall 2021,CS,,,,0
name108,CS 321 Programming languages TuTh 03:30 PM-04:50 PM,CS 331 Intro. Computation Phototography MW 12:30 PM-01:50 PM,CS 396 Intro to Web Development MW 12:30 PM-01:50 PM,CS 322 Compilers TuTh 05:00 PM-06:20 PM,,,CS,MS,Spring 2021,CS,,"C/C++, Go, Java, JavaScript, Lisp, Python, Rust","Databases, Machine learning, Distributed Systems, AI",0
name109,CS 336 Algorithms TuTh 09:30 AM-10:50 AM,CS 396/496 Advanced Topics in Modern Cryptography TuTh 09:30 AM-10:50 AM,CS 349 ML MW 12:30 PM-01:50 PM,,,,CS,PhD,Winter 2021,CS,Systems,"C/C++, Java",Intro to Cryptography,0
name110,CS 496 Distributed Systems in Challenging Environments MW 03:30 PM-04:50 PM,CS 340 Networking TuTh 09:30 AM-10:50 AM,CS 496 The Design of Technological tools for Thinking and learning W 02:00 PM-04:50 PM,CS 331 Intro. Computation Phototography MW 12:30 PM-01:50 PM,CS 397/497 Data Privacy TuTh 03:30 PM-04:50 PM,,CS,MS,Fall 2021,CS,,"C/C++, C#, Go, Java, JavaScript, Python","Algorithms, Data structures, Databases, Discrete math, Machine learning, Operating systems, Statistics",0
name111,CS 339 Databases TuTh 11:00 AM-12:20 PM,CS 397/497 Data Privacy TuTh 03:30 PM-04:50 PM,CS 321 Programming languages TuTh 03:30 PM-04:50 PM,,,,CS,PhD,Fall 2021,Statistics,Systems,"C/C++, Python, R","Algorithms, Data structures, Discrete math, Machine learning, Statistics",0
name112,CS 340 Networking TuTh 09:30 AM-10:50 AM,CS 339 Databases TuTh 11:00 AM-12:20 PM,CS 496 Distributed Systems in Challenging Environments MW 03:30 PM-04:50 PM,CS 377 Game Development Studio MW 06:30 PM-07:50 PM,CS 396/496 Interactive Information Visualization TuTh 03:30 PM-04:50 PM,,CS,MS,Fall 2021,CS,Systems,"C/C++, Go, Java, JavaScript, Python, Rust","Algorithms, Compilers, Data structures, Databases, Discrete math, Machine learning, Networks, Operating systems",0
name113,CS 331 Intro. Computation Phototography MW 12:30 PM-01:50 PM,CS 336 Algorithms TuTh 09:30 AM-10:50 AM,CS 348 AI MWF 11:00 AM-11:50 AM,CS 349 ML MW 12:30 PM-01:50 PM,CS 338 Practicum in Intelligent Information Systems TuTh 11:00 AM-12:20 PM,,EE,MS,Fall 2021,Communication Engineering,,"Java, Python","Algorithms, Data structures, Databases, Machine learning, Networks",0
name114,CS 496 The Design of Technological tools for Thinking and learning W 02:00 PM-04:50 PM,CS 349 ML MW 12:30 PM-01:50 PM,CS 339 Databases TuTh 11:00 AM-12:20 PM,CS 396 Communicating Computer Science MW 05:00 PM-06:20 PM,CS 496 Visualization for Scientific Communication W 03:00 PM-05:50 PM,,CS,BS/MS,Before Fall 2019,CS,,"C/C++, C#, Java, JavaScript, Python","Algorithms, Data structures, Discrete math, Networks, Statistics",0
name115,CS 343 Operating Systems TuTh 09:30 AM-10:50 AM,CS 339 Databases TuTh 11:00 AM-12:20 PM,CS 322 Compilers TuTh 05:00 PM-06:20 PM,,,,EE,PhD,Fall 2021,automation,computer vision,"C/C++, Python","Data structures, Machine learning",0
name116,CS 396 Intro to Web Development MW 12:30 PM-01:50 PM,CS 396 Communicating Computer Science MW 05:00 PM-06:20 PM,CS 397/497 INNOVATION LAB Building Technologies for the Law Tu 02:30 PM-05:30 PM,CS 397/497 Data Privacy TuTh 03:30 PM-04:50 PM,CS 396 Social Networks Analysis Th 06:30 PM-09:20 PM,,CS,MS,Spring 2021,CS,,"C/C++, Java, JavaScript, Lisp, Python","Algorithms, Data structures, Databases, Discrete math, Machine learning, Networks, Operating systems, Statistics",0
name117,CS 336 Algorithms TuTh 09:30 AM-10:50 AM,CS 496 Visualization for Scientific Communication W 03:00 PM-05:50 PM,,,,,CE,PhD,Fall 2019,CS,AI/ML,"Java, Python","Machine learning, Networks",0
name118,CS 338 Practicum in Intelligent Information Systems TuTh 11:00 AM-12:20 PM,CS 336 Algorithms TuTh 09:30 AM-10:50 AM,CS 348 AI MWF 11:00 AM-11:50 AM,CS 396 Social Networks Analysis Th 06:30 PM-09:20 PM,,,CS,MS,Fall 2021,CS,,"C/C++, Java, JavaScript, Python","Algorithms, Compilers, Data structures, Databases, Discrete math, Machine learning, Networks, Operating systems, Statistics",0
name119,CS 396/496 Interactive Information Visualization TuTh 03:30 PM-04:50 PM,,,,,,CS,PhD,Fall 2020,EE,,Python,Machine learning,0
name120,CS 339 Databases TuTh 11:00 AM-12:20 PM,CS 396 Generative Methods MW 08:00 AM-09:20 AM,CS 349 ML MW 12:30 PM-01:50 PM,CS 396/496 Interactive Information Visualization TuTh 03:30 PM-04:50 PM,CS 338 Practicum in Intelligent Information Systems TuTh 11:00 AM-12:20 PM,,CS,MS,Fall 2021,CS,AI/ML,"C/C++, Python","Algorithms, Data structures, Discrete math, Machine learning, Operating systems, Statistics",0
name121,CS 348 AI MWF 11:00 AM-11:50 AM,CS 331 Intro. Computation Phototography MW 12:30 PM-01:50 PM,CS 339 Databases TuTh 11:00 AM-12:20 PM,CS 496 Graduate Algorithms TuTh 11:00 AM-12:20 PM,CS 396 Generative Methods MW 08:00 AM-09:20 AM,,CS,MS,Fall 2021,CS,AI/ML,"C/C++, C#, Java, Lisp, Python",,0
name122,CS 331 Intro. Computation Phototography MW 12:30 PM-01:50 PM,CS 396 Generative Methods MW 08:00 AM-09:20 AM,CS 339 Databases TuTh 11:00 AM-12:20 PM,CS 351.2 Intermediate CG TuTh 02:00 PM-03:20 PM,CS 496 Graduate Algorithms TuTh 11:00 AM-12:20 PM,,CS,MS,Fall 2021,Software Engineering,,"C/C++, Java, JavaScript, Python","Algorithms, Compilers, Data structures, Discrete math, Machine learning, Operating systems",0
name123,CS 396 Intro to Web Development MW 12:30 PM-01:50 PM,CS 340 Networking TuTh 09:30 AM-10:50 AM,CS 371 Knowledge Representation and Reasoning TuTh 02:00 PM-03:20 PM,CS 348 AI MWF 11:00 AM-11:50 AM,CS 496 Distributed Systems in Challenging Environments MW 03:30 PM-04:50 PM,,CS,MS,Fall 2021,CS,Systems,"Java, Scala","Algorithms, Data structures, Databases, Discrete math",0
name124,CS 396 Generative Methods MW 08:00 AM-09:20 AM,CS 339 Databases TuTh 11:00 AM-12:20 PM,CS 396 Social Networks Analysis Th 06:30 PM-09:20 PM,CS 349 ML MW 12:30 PM-01:50 PM,CS 371 Knowledge Representation and Reasoning TuTh 02:00 PM-03:20 PM,,CS,MS,Winter 2021,CS,,"C/C++, Java, JavaScript, Racket",,0
name125,CS 396 Advanced Algorithm Design through the Lens of Competitive Programming F 02:00 PM-04:50 PM,CS 396 Modeling Relationships with Causal Inference MW 05:00 PM-06:20 PM,,,,,Robotics,MSR,Fall 2021,ME&ECE,SLAM,"C/C++, Python","Algorithms, Compilers, Data structures, Databases, Discrete math, Machine learning, Statistics, Operating systems learning by myself",0
name126,CS 343 Operating Systems TuTh 09:30 AM-10:50 AM,CS 397/497 Data Privacy TuTh 03:30 PM-04:50 PM,CS 351.2 Intermediate CG TuTh 02:00 PM-03:20 PM,CS 396 Advanced Algorithm Design through the Lens of Competitive Programming F 02:00 PM-04:50 PM,CS 496 The Design of Technological tools for Thinking and learning W 02:00 PM-04:50 PM,,CS,MS,Spring 2021,CS,,"C/C++, Java, JavaScript, Python","Algorithms, Data structures, Databases, Discrete math, Machine learning, Networks, Statistics",0
name127,CS 339 Databases TuTh 11:00 AM-12:20 PM,CS 331 Intro. Computation Phototography MW 12:30 PM-01:50 PM,CS 338 Practicum in Intelligent Information Systems TuTh 11:00 AM-12:20 PM,CS 396/496 Interactive Information Visualization TuTh 03:30 PM-04:50 PM,CS 496 Distributed Systems in Challenging Environments MW 03:30 PM-04:50 PM,,CS,MS,Fall 2021,EE,AI/ML,"C/C++, Java, Python","Data structures, Discrete math, Machine learning, Operating systems",0
name128,CS 339 Databases TuTh 11:00 AM-12:20 PM,CS 349 ML MW 12:30 PM-01:50 PM,CS 340 Networking TuTh 09:30 AM-10:50 AM,CS 371 Knowledge Representation and Reasoning TuTh 02:00 PM-03:20 PM,CS 397/497 Data Privacy TuTh 03:30 PM-04:50 PM,,CS,MS,Fall 2021,CS,,"C/C++, Java, PHP, Python","Algorithms, Compilers, Data structures, Databases, Discrete math, Networks, Operating systems, Statistics, Artificial Intelligence, Applied Linear Algebra",0
name129,CS 396 Social Networks Analysis Th 06:30 PM-09:20 PM,CS 338 Practicum in Intelligent Information Systems TuTh 11:00 AM-12:20 PM,CS 339 Databases TuTh 11:00 AM-12:20 PM,CS 397/497 INNOVATION LAB Building Technologies for the Law Tu 02:30 PM-05:30 PM,CS 396/496 Interactive Information Visualization TuTh 03:30 PM-04:50 PM,,CS,MS,Fall 2021,CS,,"C/C++, Java, JavaScript, Python","Algorithms, Compilers, Data structures, Databases, Discrete math, Machine learning, Networks, Operating systems, Statistics",0
name130,CS 338 Practicum in Intelligent Information Systems TuTh 11:00 AM-12:20 PM,CS 339 Databases TuTh 11:00 AM-12:20 PM,CS 496 The Design of Technological tools for Thinking and learning W 02:00 PM-04:50 PM,CS 396/496 Interactive Information Visualization TuTh 03:30 PM-04:50 PM,CS 496 Distributed Systems in Challenging Environments MW 03:30 PM-04:50 PM,,MSIT,MSIT,Fall 2021,Information science and technology,Systems,"JavaScript, Python",Statistics,0
name131,CS 396 Generative Methods MW 08:00 AM-09:20 AM,CS 340 Networking TuTh 09:30 AM-10:50 AM,CS 338 Practicum in Intelligent Information Systems TuTh 11:00 AM-12:20 PM,CS 396 Intro to Web Development MW 12:30 PM-01:50 PM,CS 397/497 INNOVATION LAB Building Technologies for the Law Tu 02:30 PM-05:30 PM,,CS,MS,Fall 2021,CS,,"C/C++, Java, JavaScript, Python","Algorithms, Data structures, Databases",0
name132,CS 336 Algorithms TuTh 09:30 AM-10:50 AM,CS 321 Programming languages TuTh 03:30 PM-04:50 PM,CS 343 Operating Systems TuTh 09:30 AM-10:50 AM,,,,CS,PhD,Fall 2021,CS,HCI/Graphics,"C/C++, Java, JavaScript, Python, Scala","Data structures, Discrete math",0
name133,CS 343 Operating Systems TuTh 09:30 AM-10:50 AM,CS 496 Distributed Systems in Challenging Environments MW 03:30 PM-04:50 PM,CS 339 Databases TuTh 11:00 AM-12:20 PM,CS 396/496 Advanced Topics in Modern Cryptography TuTh 09:30 AM-10:50 AM,CS 336 Algorithms TuTh 09:30 AM-10:50 AM,,EE,MS,Fall 2021,Physics,AI/ML,"C/C++, Python","Algorithms, Data structures, Discrete math, Machine learning, Statistics",0
name134,CS 322 Compilers TuTh 05:00 PM-06:20 PM,CS 336 Algorithms TuTh 09:30 AM-10:50 AM,CS 339 Databases TuTh 11:00 AM-12:20 PM,CS 343 Operating Systems TuTh 09:30 AM-10:50 AM,CS 321 Programming languages TuTh 03:30 PM-04:50 PM,,EE,PhD,Fall 2021,EE,AI/ML,"C/C++, Python","Machine learning, Statistics",0
name135,CS 377 Game Development Studio MW 06:30 PM-07:50 PM,CS 340 Networking TuTh 09:30 AM-10:50 AM,CS 348 AI MWF 11:00 AM-11:50 AM,CS 396 Intro to Web Development MW 12:30 PM-01:50 PM,CS 396 Generative Methods MW 08:00 AM-09:20 AM,,CE,MS,Fall 2021,CE,AI/ML,"C/C++, C#, Java, JavaScript, Python","Algorithms, Data structures, Databases, Discrete math, Machine learning, Networks, Operating systems, Statistics",0
name136,CS 396 Intro to Web Development MW 12:30 PM-01:50 PM,CS 331 Intro. Computation Phototography MW 12:30 PM-01:50 PM,CS 396/496 Interactive Information Visualization TuTh 03:30 PM-04:50 PM,CS 348 AI MWF 11:00 AM-11:50 AM,CS 351.2 Intermediate CG TuTh 02:00 PM-03:20 PM,,CE,MS,Fall 2021,CE,AI/ML,"C/C++, JavaScript, Python","Algorithms, Data structures, Discrete math, Machine learning, Statistics",0
name137,CS 396 Social Networks Analysis Th 06:30 PM-09:20 PM,CS 396/496 Advanced Topics in Modern Cryptography TuTh 09:30 AM-10:50 AM,CS 348 AI MWF 11:00 AM-11:50 AM,CS 396 Intro to Web Development MW 12:30 PM-01:50 PM,,,CE,MS,Fall 2021,CS,,"C/C++, Java, JavaScript, Python, Ruby","Algorithms, Data structures, Databases, Discrete math, Networks, Operating systems, Statistics",0
name138,CS 322 Compilers TuTh 05:00 PM-06:20 PM,CS 377 Game Development Studio MW 06:30 PM-07:50 PM,CS 331 Intro. Computation Phototography MW 12:30 PM-01:50 PM,CS 321 Programming languages TuTh 03:30 PM-04:50 PM,,,EE,MS,Fall 2021,EE,,"C/C++, Python, Rust","Algorithms, Compilers, Discrete math, Machine learning, Operating systems, Statistics",0
name140,CS 396 Advanced Algorithm Design through the Lens of Competitive Programming F 02:00 PM-04:50 PM,,,,,,CS,MS,Summer 2021,,AI/ML,"Java, Python","Algorithms, Data structures, Databases, Machine learning",0
name141,CS 331 Intro. Computation Phototography MW 12:30 PM-01:50 PM,CS 339 Databases TuTh 11:00 AM-12:20 PM,CS 349 ML MW 12:30 PM-01:50 PM,CS 321 Programming languages TuTh 03:30 PM-04:50 PM,CS 348 AI MWF 11:00 AM-11:50 AM,,CS,MS,Fall 2021,,,,,0
name142,CS 349 ML MW 12:30 PM-01:50 PM,CS 496 Graduate Algorithms TuTh 11:00 AM-12:20 PM,CS 339 Databases TuTh 11:00 AM-12:20 PM,,,,CS,PhD,Fall 2021,CS,Systems,"C/C++, Java, JavaScript, Python","Algorithms, Data structures, Discrete math, Networks, Operating systems",0
name143,CS 396 Intro to Web Development MW 12:30 PM-01:50 PM,CS 339 Databases TuTh 11:00 AM-12:20 PM,CS 340 Networking TuTh 09:30 AM-10:50 AM,CS 396/496 Interactive Information Visualization TuTh 03:30 PM-04:50 PM,CS 343 Operating Systems TuTh 09:30 AM-10:50 AM,,MSIT,MSIT,Spring 2021,Financial Engineering,,"Go, Java, JavaScript, Python, Ruby","Algorithms, Data structures, Discrete math, Statistics",0
name144,CS 349 ML MW 12:30 PM-01:50 PM,,,,,,MSR,MS,Fall 2021,CS,Theory,"C/C++, C#, Java, JavaScript, Lisp, Python","Algorithms, Compilers, Data structures, Discrete math, Operating systems",0
name145,CS 396 Social Networks Analysis Th 06:30 PM-09:20 PM,CS 371 Knowledge Representation and Reasoning TuTh 02:00 PM-03:20 PM,CS 396 Generative Methods MW 08:00 AM-09:20 AM,CS 396 Advanced Algorithm Design through the Lens of Competitive Programming F 02:00 PM-04:50 PM,CS 338 Practicum in Intelligent Information Systems TuTh 11:00 AM-12:20 PM,,CS,MS,Fall 2021,CS,,"C/C++, Java, Python","Algorithms, Data structures, Databases, Discrete math, Machine learning, Operating systems, Statistics",0
name146,CS 397/497 Data Privacy TuTh 03:30 PM-04:50 PM,CS 322 Compilers TuTh 05:00 PM-06:20 PM,CS 343 Operating Systems TuTh 09:30 AM-10:50 AM,CS 396 Social Networks Analysis Th 06:30 PM-09:20 PM,,,CS,PhD,Fall 2020,CS / Biology,Currently Theory but might switch to systems,"C/C++, Java, Python, R","Algorithms, Data structures, Discrete math",0
name147,CS 322 Compilers TuTh 05:00 PM-06:20 PM,CS 339 Databases TuTh 11:00 AM-12:20 PM,CS 396 Generative Methods MW 08:00 AM-09:20 AM,CS 496 The Design of Technological tools for Thinking and learning W 02:00 PM-04:50 PM,,,CS,MS,Fall 2021,CS,,"C/C++, Java, Python","Algorithms, Data structures, Databases, Discrete math, Machine learning, Networks, Operating systems",0
name148,CS 331 Intro. Computation Phototography MW 12:30 PM-01:50 PM,CS 336 Algorithms TuTh 09:30 AM-10:50 AM,CS 339 Databases TuTh 11:00 AM-12:20 PM,CS 396 Intro to Web Development MW 12:30 PM-01:50 PM,CS 348 AI MWF 11:00 AM-11:50 AM,,EE,MS,Fall 2021,EE,,"C/C++, Python","Algorithms, Data structures, Discrete math, Machine learning, Computer Vision",0
name149,CS 331 Intro. Computation Phototography MW 12:30 PM-01:50 PM,CS 336 Algorithms TuTh 09:30 AM-10:50 AM,CS 339 Databases TuTh 11:00 AM-12:20 PM,CS 396 Intro to Web Development MW 12:30 PM-01:50 PM,CS 348 AI MWF 11:00 AM-11:50 AM,,EE,MS,Fall 2021,EE,,"C/C++, Python",Machine learning,0
name150,CS 331 Intro. Computation Phototography MW 12:30 PM-01:50 PM,CS 396 Intro to Web Development MW 12:30 PM-01:50 PM,CS 339 Databases TuTh 11:00 AM-12:20 PM,CS 343 Operating Systems TuTh 09:30 AM-10:50 AM,CS 336 Algorithms TuTh 09:30 AM-10:50 AM,,EE,MS,Fall 2021,Information Engineering,,"C/C++, Java, Python","Data structures, Databases, Machine learning, Networks, Statistics",0
name151,CS 322 Compilers TuTh 05:00 PM-06:20 PM,CS 340 Networking TuTh 09:30 AM-10:50 AM,CS 349 ML MW 12:30 PM-01:50 PM,CS 331 Intro. Computation Phototography MW 12:30 PM-01:50 PM,CS 343 Operating Systems TuTh 09:30 AM-10:50 AM,,CS,PhD,Fall 2021,CS,Systems,"C/C++, Go, Java, JavaScript, Lisp, PHP, Python, Ruby, Rust",Compiler Analysis and Transformation,0
name152,CS 348 AI MWF 11:00 AM-11:50 AM,CS 331 Intro. Computation Phototography MW 12:30 PM-01:50 PM,CS 496 The Design of Technological tools for Thinking and learning W 02:00 PM-04:50 PM,,,,CE,MS,Fall 2021,CS,AI/ML,"C/C++, Java, Python","Algorithms, Compilers, Data structures, Databases, Discrete math, Machine learning, Networks, Operating systems, Statistics",0
name153,CS 336 Algorithms TuTh 09:30 AM-10:50 AM,CS 371 Knowledge Representation and Reasoning TuTh 02:00 PM-03:20 PM,CS 348 AI MWF 11:00 AM-11:50 AM,CS 396 Intro to Web Development MW 12:30 PM-01:50 PM,CS 343 Operating Systems TuTh 09:30 AM-10:50 AM,,CS,MS,Fall 2021,CE,,"C/C++, C#, Java, Lisp, PHP, Python","Algorithms, Compilers, Data structures, Databases, Discrete math, Machine learning, Networks, Operating systems, Statistics, Artificial Intelligence, Data Analytics, Natural Language Processing",0
name154,CS 496 Graduate Algorithms TuTh 11:00 AM-12:20 PM,CS 321 Programming languages TuTh 03:30 PM-04:50 PM,CS 336 Algorithms TuTh 09:30 AM-10:50 AM,CS 343 Operating Systems TuTh 09:30 AM-10:50 AM,CS 396 Intro to Web Development MW 12:30 PM-01:50 PM,,CE,MS,Fall 2020,CS,,"C/C++, Java, Python","Algorithms, Compilers, Data structures, Databases, Discrete math, Machine learning, Networks, Operating systems, Statistics",0
name155,CS 496 Topics in Complexity MW 03:30 PM-04:50 PM,CS 396 Advanced Algorithm Design through the Lens of Competitive Programming F 02:00 PM-04:50 PM,CS 396 Social Networks Analysis Th 06:30 PM-09:20 PM,,,,CS,MS,Winter 2021,CS,,"C/C++, JavaScript, Python","Algorithms, Compilers, Data structures, Databases, Discrete math, Networks, Operating systems, Statistics",0
name156,CS 336 Algorithms TuTh 09:30 AM-10:50 AM,CS 338 Practicum in Intelligent Information Systems TuTh 11:00 AM-12:20 PM,CS 321 Programming languages TuTh 03:30 PM-04:50 PM,CS 371 Knowledge Representation and Reasoning TuTh 02:00 PM-03:20 PM,CS 396 Generative Methods MW 08:00 AM-09:20 AM,,CS,MS,Fall 2021,CS,,"C/C++, Java, JavaScript","Artificial Intelligence, Data Structure & Algorithms, Fundamental of Computer Programming II",0
name157,CS 396 Advanced Algorithm Design through the Lens of Competitive Programming F 02:00 PM-04:50 PM,CS 340 Networking TuTh 09:30 AM-10:50 AM,CS 348 AI MWF 11:00 AM-11:50 AM,CS 339 Databases TuTh 11:00 AM-12:20 PM,CS 396 Generative Methods MW 08:00 AM-09:20 AM,,CS,MS,Fall 2021,CE,Theory,"C/C++, JavaScript","Algorithms, Data structures, Discrete math",0
name158,CS 396 Intro to Web Development MW 12:30 PM-01:50 PM,CS 339 Databases TuTh 11:00 AM-12:20 PM,CS 331 Intro. Computation Phototography MW 12:30 PM-01:50 PM,CS 348 AI MWF 11:00 AM-11:50 AM,CS 340 Networking TuTh 09:30 AM-10:50 AM,,CE,MS,Fall 2021,CS,,"C/C++, C#, Go, Java, Python, Rust","Algorithms, Compilers, Data structures, Databases, Discrete math, Machine learning, Networks, Operating systems, Statistics",0
name159,CS 349 ML MW 12:30 PM-01:50 PM,CS 338 Practicum in Intelligent Information Systems TuTh 11:00 AM-12:20 PM,CS 396 Intro to Web Development MW 12:30 PM-01:50 PM,CS 396 Social Networks Analysis Th 06:30 PM-09:20 PM,CS 397/497 INNOVATION LAB Building Technologies for the Law Tu 02:30 PM-05:30 PM,,CS,MS,Fall 2021,CS,,"C/C++, Java, JavaScript, PHP, Python","Algorithms, Data structures, Databases, Discrete math, Machine learning, Networks, Operating systems, Statistics",0
name160,CS 396 Intro to Web Development MW 12:30 PM-01:50 PM,CS 397/497 Data Privacy TuTh 03:30 PM-04:50 PM,CS 351.2 Intermediate CG TuTh 02:00 PM-03:20 PM,CS 396/496 Interactive Information Visualization TuTh 03:30 PM-04:50 PM,CS 496 The Design of Technological tools for Thinking and learning W 02:00 PM-04:50 PM,,CS,MS,Spring 2021,CS,,"C/C++, Java, Python","Algorithms, Compilers, Data structures, Databases, Discrete math, Machine learning, Networks, Operating systems",0
name161,CS 338 Practicum in Intelligent Information Systems TuTh 11:00 AM-12:20 PM,CS 371 Knowledge Representation and Reasoning TuTh 02:00 PM-03:20 PM,CS 396 Intro to Web Development MW 12:30 PM-01:50 PM,CS 396 Generative Methods MW 08:00 AM-09:20 AM,CS 396 Social Networks Analysis Th 06:30 PM-09:20 PM,,CS,MS,Fall 2020,Information System,,"C#, Java, Python","Databases, Discrete math, Statistics",0
name162,CS 343 Operating Systems TuTh 09:30 AM-10:50 AM,CS 496 Distributed Systems in Challenging Environments MW 03:30 PM-04:50 PM,CS 371 Knowledge Representation and Reasoning TuTh 02:00 PM-03:20 PM,CS 339 Databases TuTh 11:00 AM-12:20 PM,CS 338 Practicum in Intelligent Information Systems TuTh 11:00 AM-12:20 PM,,EE,MS,Fall 2021,EE,,"C/C++, Python","Algorithms, Data structures, Machine learning",0
name163,CS 340 Networking TuTh 09:30 AM-10:50 AM,CS 396/496 Interactive Information Visualization TuTh 03:30 PM-04:50 PM,CS 496 The Design of Technological tools for Thinking and learning W 02:00 PM-04:50 PM,CS 348 AI MWF 11:00 AM-11:50 AM,CS 377 Game Development Studio MW 06:30 PM-07:50 PM,,CE,MS,Fall 2021,CE,AI/ML,"C#, Python","Data structures, Discrete math, Machine learning, Operating systems, Statistics",0
name164,CS 343 Operating Systems TuTh 09:30 AM-10:50 AM,CS 340 Networking TuTh 09:30 AM-10:50 AM,CS 339 Databases TuTh 11:00 AM-12:20 PM,CS 322 Compilers TuTh 05:00 PM-06:20 PM,CS 397/497 Data Privacy TuTh 03:30 PM-04:50 PM,,CE,MS,Fall 2021,Automation,Systems,"C/C++, C#, Java, Python, Rust","Algorithms, Data structures, Databases, Discrete math, Machine learning, Networks, Statistics",0
name165,CS 343 Operating Systems TuTh 09:30 AM-10:50 AM,CS 339 Databases TuTh 11:00 AM-12:20 PM,CS 349 ML MW 12:30 PM-01:50 PM,CS 340 Networking TuTh 09:30 AM-10:50 AM,CS 397/497 Data Privacy TuTh 03:30 PM-04:50 PM,,CS,MS,Winter 2021,Biomedical Engineering,,"C/C++, Go, JavaScript, Python, SQL, Racket, DSSL2","Algorithms, Data structures, Statistics",0
name166,CS 336 Algorithms TuTh 09:30 AM-10:50 AM,CS 496 Graduate Algorithms TuTh 11:00 AM-12:20 PM,,,,,CS,MSIT,Fall 2020,,,"C/C++, Java, Python","Data structures, Databases, Machine learning, Operating systems, Statistics",0
name167,CS 336 Algorithms TuTh 09:30 AM-10:50 AM,CS 377 Game Development Studio MW 06:30 PM-07:50 PM,CS 496 Graduate Algorithms TuTh 11:00 AM-12:20 PM,CS 496 Distributed Systems in Challenging Environments MW 03:30 PM-04:50 PM,CS 351.2 Intermediate CG TuTh 02:00 PM-03:20 PM,,CS,MS,Fall 2020,CS,,"C/C++, Python","Algorithms, Data structures, Databases, Discrete math, Machine learning",0
name168,CS 349 ML MW 12:30 PM-01:50 PM,,,,,,CS + LS,PhD,Fall 2020,CS and Art History,HCI/Graphics,"C/C++, Java, Python","Algorithms, Compilers, Data structures, Databases, Discrete math, Networks, Statistics",0
name169,CS 336 Algorithms TuTh 09:30 AM-10:50 AM,CS 340 Networking TuTh 09:30 AM-10:50 AM,CS 339 Databases TuTh 11:00 AM-12:20 PM,CS 343 Operating Systems TuTh 09:30 AM-10:50 AM,CS 331 Intro. Computation Phototography MW 12:30 PM-01:50 PM,,EE,MS,Fall 2021,EE,,"C/C++, Java, Python","Statistics, EE475 ML",0
name170,CS 496 Topics in Complexity MW 03:30 PM-04:50 PM,,,,,,CS,PhD,Before Fall 2019,CE,Theory,"C/C++, Java, JavaScript, Python","Algorithms, Compilers, Data structures, Databases, Discrete math, Networks, Operating systems, Statistics",0
name171,CS 322 Compilers TuTh 05:00 PM-06:20 PM,CS 321 Programming languages TuTh 03:30 PM-04:50 PM,CS 397/497 Data Privacy TuTh 03:30 PM-04:50 PM,CS 349 ML MW 12:30 PM-01:50 PM,CS 396/496 Advanced Topics in Modern Cryptography TuTh 09:30 AM-10:50 AM,,CS,PhD,Fall 2020,EE,Systems,"C/C++, Java, Python","Algorithms, Data structures, Machine learning, Networks, Operating systems, Statistics",0
name172,CS 396 Intro to Web Development MW 12:30 PM-01:50 PM,CS 396 Generative Methods MW 08:00 AM-09:20 AM,,,,,CS,MS,Winter 2021,,AI/ML,"C/C++, Java, Python","Algorithms, Data structures, Databases, Discrete math, Machine learning, Networks, Operating systems, Statistics",0
name173,CS 349 ML MW 12:30 PM-01:50 PM,CS 396 Social Networks Analysis Th 06:30 PM-09:20 PM,CS 348 AI MWF 11:00 AM-11:50 AM,,,,MSIT,MSIT,Fall 2021,,data science,"JavaScript, Python","Databases, Statistics",0
name174,CS 331 Intro. Computation Phototography MW 12:30 PM-01:50 PM,CS 396 Generative Methods MW 08:00 AM-09:20 AM,CS 396 Intro to Web Development MW 12:30 PM-01:50 PM,CS 343 Operating Systems TuTh 09:30 AM-10:50 AM,,,CS,MS,Fall 2021,BME,,"C/C++, C#, Python","Algorithms, Data structures, Databases, Discrete math, Machine learning, Statistics",0
name175,CS 348 AI MWF 11:00 AM-11:50 AM,,,,,,technology and social behavior,PhD,Fall 2020,liberal arts,HCI/Graphics,Python,"Algorithms, Data structures, Databases, Discrete math, Statistics",0
name176,CS 371 Knowledge Representation and Reasoning TuTh 02:00 PM-03:20 PM,CS 349 ML MW 12:30 PM-01:50 PM,CS 496 Graduate Algorithms TuTh 11:00 AM-12:20 PM,,,,CS,PhD,Fall 2021,CS,AI/ML,"C/C++, C#, Java, Lisp, Python","Algorithms, Data structures, Databases, Discrete math, Statistics",0
name177,CS 496 The Design of Technological tools for Thinking and learning W 02:00 PM-04:50 PM,CS 496 Visualization for Scientific Communication W 03:00 PM-05:50 PM,CS 377 Game Development Studio MW 06:30 PM-07:50 PM,CS 396 Intro to Web Development MW 12:30 PM-01:50 PM,CS 496 Graduate Algorithms TuTh 11:00 AM-12:20 PM,,CS+LS,PhD,Fall 2021,Math,HCI/Graphics,"C#, JavaScript, Python","Algorithms, Data structures, Discrete math, Machine learning, Statistics",0
name178,CS 496 Visualization for Scientific Communication W 03:00 PM-05:50 PM,CS 371 Knowledge Representation and Reasoning TuTh 02:00 PM-03:20 PM,,,,,Technology and Social Behaviour,PhD,Fall 2020,CS,AI/ML,"C/C++, Java, JavaScript, Python","Algorithms, Compilers, Data structures, Databases, Discrete math, Machine learning, Networks, Operating systems, Statistics",0
name179,CS 496 Distributed Systems in Challenging Environments MW 03:30 PM-04:50 PM,CS 396 Modeling Relationships with Causal Inference MW 05:00 PM-06:20 PM,CS 336 Algorithms TuTh 09:30 AM-10:50 AM,CS 371 Knowledge Representation and Reasoning TuTh 02:00 PM-03:20 PM,CS 340 Networking TuTh 09:30 AM-10:50 AM,,CS,PhD,Fall 2021,Informatics,AI/ML,"C/C++, C#, JavaScript, Python, Swift","Data structures, Databases, Discrete math, Machine learning, Statistics",0
name180,CS 322 Compilers TuTh 05:00 PM-06:20 PM,CS 496 Distributed Systems in Challenging Environments MW 03:30 PM-04:50 PM,CS 321 Programming languages TuTh 03:30 PM-04:50 PM,,,,CS,PhD,Fall 2019,CS,Systems,"C/C++, C#, Go, Java, JavaScript, Python","Algorithms, Data structures, Databases, Discrete math, Machine learning, Networks, Operating systems, Statistics",0
name181,CS 340 Networking TuTh 09:30 AM-10:50 AM,CS 339 Databases TuTh 11:00 AM-12:20 PM,,,,,CS,PhD,Fall 2020,Math,"ML, but technically Graphics & Interactive Media track",Python,"Algorithms, Data structures, Discrete math, Machine learning, Statistics",0
name182,CS 396/496 Interactive Information Visualization TuTh 03:30 PM-04:50 PM,CS 396 Intro to Web Development MW 12:30 PM-01:50 PM,,,,,TSB,PhD,Fall 2021,Business Administration,HCI/Graphics,Python,"Algorithms, Data structures, Databases, Discrete math, Networks, Statistics",0
name183,CS 496 Visualization for Scientific Communication W 03:00 PM-05:50 PM,CS 321 Programming languages TuTh 03:30 PM-04:50 PM,,,,,CS,PhD,Fall 2021,,,,,0
name184,CS 396 Intro to Web Development MW 12:30 PM-01:50 PM,CS 339 Databases TuTh 11:00 AM-12:20 PM,CS 396 Social Networks Analysis Th 06:30 PM-09:20 PM,CS 371 Knowledge Representation and Reasoning TuTh 02:00 PM-03:20 PM,CS 377 Game Development Studio MW 06:30 PM-07:50 PM,,MSIT,MS,Winter 2021,CS,Computer Science,Java,"Algorithms, Compilers, Data structures, Databases, Discrete math, Machine learning, Networks, Operating systems",0
name185,CS 371 Knowledge Representation and Reasoning TuTh 02:00 PM-03:20 PM,CS 496 Graduate Algorithms TuTh 11:00 AM-12:20 PM,,,,,CS,PhD,Fall 2021,CS,AI/ML,"C/C++, C#, JavaScript, Python, Julia","Algorithms, Data structures, Databases, Discrete math, Machine learning, Statistics",0
name186,CS 396 Generative Methods MW 08:00 AM-09:20 AM,CS 371 Knowledge Representation and Reasoning TuTh 02:00 PM-03:20 PM,CS 331 Intro. Computation Phototography MW 12:30 PM-01:50 PM,CS 377 Game Development Studio MW 06:30 PM-07:50 PM,CS 496 Graduate Algorithms TuTh 11:00 AM-12:20 PM,,CS,MS,Fall 2021,CS,AI/ML,"C/C++, C#, Python, Rust","Algorithms, Data structures, Databases, Discrete math, Machine learning, Networks, Operating systems, Statistics",0
name187,CS 321 Programming languages TuTh 03:30 PM-04:50 PM,CS 351.2 Intermediate CG TuTh 02:00 PM-03:20 PM,CS 340 Networking TuTh 09:30 AM-10:50 AM,CS 339 Databases TuTh 11:00 AM-12:20 PM,CS 343 Operating Systems TuTh 09:30 AM-10:50 AM,,CE,MS,Fall 2021,EE,AI/ML,"C/C++, Python","Databases, Machine learning",0
name188,CS 351.2 Intermediate CG TuTh 02:00 PM-03:20 PM,CS 322 Compilers TuTh 05:00 PM-06:20 PM,CS 339 Databases TuTh 11:00 AM-12:20 PM,CS 331 Intro. Computation Phototography MW 12:30 PM-01:50 PM,CS 343 Operating Systems TuTh 09:30 AM-10:50 AM,,CS,MS,Fall 2021,CS,,"C/C++, C#, Java, Python",,0
name189,CS 343 Operating Systems TuTh 09:30 AM-10:50 AM,CS 340 Networking TuTh 09:30 AM-10:50 AM,CS 496 Visualization for Scientific Communication W 03:00 PM-05:50 PM,CS 331 Intro. Computation Phototography MW 12:30 PM-01:50 PM,CS 396/496 Interactive Information Visualization TuTh 03:30 PM-04:50 PM,,CS,MSIT,Fall 2020,EE,AI/ML,"C/C++, Python","Algorithms, Machine learning",0
name190,CS 349 ML MW 12:30 PM-01:50 PM,CS 396/496 Interactive Information Visualization TuTh 03:30 PM-04:50 PM,CS 348 AI MWF 11:00 AM-11:50 AM,CS 396 Intro to Web Development MW 12:30 PM-01:50 PM,CS 321 Programming languages TuTh 03:30 PM-04:50 PM,,CS,MS,Fall 2021,Information Technology,,"C/C++, C#, Java, JavaScript, PHP, Python","Algorithms, Compilers, Data structures, Databases, Discrete math, Networks, Operating systems",0
name191,CS 396 Intro to Web Development MW 12:30 PM-01:50 PM,CS 348 AI MWF 11:00 AM-11:50 AM,,,,,CE,MS,Fall 2021,EE,,"C/C++, Python, Rust","Microprocessor System Design, Blockchains & Decentralization ,Wearable and Mobile Computing",0
name192,CS 348 AI MWF 11:00 AM-11:50 AM,CS 396 Intro to Web Development MW 12:30 PM-01:50 PM,,,,,CE,MS,Fall 2021,EE,AI/ML,"C/C++, Python","Data structures, Machine learning",0
name193,CS 396/496 Interactive Information Visualization TuTh 03:30 PM-04:50 PM,CS 396 Intro to Web Development MW 12:30 PM-01:50 PM,,,,,CE,MS,Fall 2021,CS,,"C/C++, C#, Java, JavaScript, Python","Algorithms, Compilers, Data structures, Discrete math, Machine learning, Operating systems, Statistics",0
name194,CS 371 Knowledge Representation and Reasoning TuTh 02:00 PM-03:20 PM,CS 396 Modeling Relationships with Causal Inference MW 05:00 PM-06:20 PM,CS 343 Operating Systems TuTh 09:30 AM-10:50 AM,CS 396 Communicating Computer Science MW 05:00 PM-06:20 PM,CS 496 Visualization for Scientific Communication W 03:00 PM-05:50 PM,,CS,PhD,Fall 2020,CS,AI/ML,"C/C++, Java, JavaScript, Lisp, Python","Algorithms, Data structures, Databases, Discrete math, Machine learning, Networks",0
name195,CS 340 Networking TuTh 09:30 AM-10:50 AM,CS 339 Databases TuTh 11:00 AM-12:20 PM,CS 321 Programming languages TuTh 03:30 PM-04:50 PM,CS 396 Social Networks Analysis Th 06:30 PM-09:20 PM,CS 396 Communicating Computer Science MW 05:00 PM-06:20 PM,,CE,MS,Fall 2021,CE,AI/ML,"C/C++, Java, JavaScript, Python","Algorithms, Data structures, Databases, Machine learning, Networks, Statistics",0
name196,CS 396 Intro to Web Development MW 12:30 PM-01:50 PM,CS 396 Generative Methods MW 08:00 AM-09:20 AM,CS 496 The Design of Technological tools for Thinking and learning W 02:00 PM-04:50 PM,CS 396 Social Networks Analysis Th 06:30 PM-09:20 PM,,,CS,BS/MS,Summer 2021,CS,,Python,"Algorithms, Data structures, Discrete math",0
name197,CS 396 Social Networks Analysis Th 06:30 PM-09:20 PM,CS 496 Visualization for Scientific Communication W 03:00 PM-05:50 PM,,,,,MSIT,MSIT,Fall 2020,Math,,,"Data structures, Databases, Networks, Statistics",0
name198,CS 348 AI MWF 11:00 AM-11:50 AM,CS 349 ML MW 12:30 PM-01:50 PM,CS 331 Intro. Computation Phototography MW 12:30 PM-01:50 PM,CS 338 Practicum in Intelligent Information Systems TuTh 11:00 AM-12:20 PM,CS 338 Practicum in Intelligent Information Systems TuTh 11:00 AM-12:20 PM,,CE,MS,Fall 2021,EE,AI/ML,"C/C++, Java, Python","Algorithms, Data structures, Discrete math, Machine learning, Operating systems, ELEC_ENG_332 Intro to computer vision, COMP_ENG_346 Microprocessor System Design, COMP_ENG_395 Wearable and Mobile Computing",0
name199,CS 396 Intro to Web Development MW 12:30 PM-01:50 PM,CS 321 Programming languages TuTh 03:30 PM-04:50 PM,CS 396/496 Advanced Topics in Modern Cryptography TuTh 09:30 AM-10:50 AM,CS 338 Practicum in Intelligent Information Systems TuTh 11:00 AM-12:20 PM,,,MSR,MS,Fall 2021,ME,,"C/C++, Python",Discrete math,0
name200,CS 396 Intro to Web Development MW 12:30 PM-01:50 PM,CS 331 Intro. Computation Phototography MW 12:30 PM-01:50 PM,CS 349 ML MW 12:30 PM-01:50 PM,,,,MSR,MS,Fall 2021,Mechanical Engineering,Robotics,"C/C++, Python",,0
name201,CS 349 ML MW 12:30 PM-01:50 PM,CS 331 Intro. Computation Phototography MW 12:30 PM-01:50 PM,CS 348 AI MWF 11:00 AM-11:50 AM,,,,Robotics,MS,Fall 2021,Mechanical Engineering,,Python,Statistics,0
name202,CS 396 Intro to Web Development MW 12:30 PM-01:50 PM,CS 377 Game Development Studio MW 06:30 PM-07:50 PM,CS 351.2 Intermediate CG TuTh 02:00 PM-03:20 PM,CS 339 Databases TuTh 11:00 AM-12:20 PM,,,CS,MS,Spring 2021,CS,HCI/Graphics,"C/C++, Java, JavaScript, Python","Compilers, Data structures, Databases, Discrete math, Machine learning, Networks, Operating systems, Statistics",0
name203,CS 349 ML MW 12:30 PM-01:50 PM,CS 396 Intro to Web Development MW 12:30 PM-01:50 PM,CS 397/497 INNOVATION LAB Building Technologies for the Law Tu 02:30 PM-05:30 PM,,,,CE,MS,Fall 2021,CS,AI/ML,"C/C++, C#, Java, JavaScript","Algorithms, Compilers, Data structures, Databases, Discrete math, Machine learning, Networks, Operating systems",0
name204,CS 396 Modeling Relationships with Causal Inference MW 05:00 PM-06:20 PM,CS 396 Generative Methods MW 08:00 AM-09:20 AM,CS 396/496 Interactive Information Visualization TuTh 03:30 PM-04:50 PM,CS 396/496 Interactive Information Visualization TuTh 03:30 PM-04:50 PM,,,TSB,PhD,Fall 2020,,,"C/C++, Go, Java, JavaScript, Python, Rust","Algorithms, Data structures, Discrete math, Machine learning, Operating systems, Statistics",0
name205,CS 371 Knowledge Representation and Reasoning TuTh 02:00 PM-03:20 PM,CS 396 Modeling Relationships with Causal Inference MW 05:00 PM-06:20 PM,,,,,CS,PhD,Fall 2021,CS,AI/ML,"C/C++, Java, Python","Algorithms, Compilers, Data structures, Databases, Discrete math, Machine learning, Statistics",0
name206,CS 396 Intro to Web Development MW 12:30 PM-01:50 PM,CS 496 Visualization for Scientific Communication W 03:00 PM-05:50 PM,CS 396 Social Networks Analysis Th 06:30 PM-09:20 PM,CS 396/496 Interactive Information Visualization TuTh 03:30 PM-04:50 PM,CS 377 Game Development Studio MW 06:30 PM-07:50 PM,,CS,MS,Fall 2021,CS,,"C/C++, Java, JavaScript, Python",Machine learning,0
name207,CS 336 Algorithms TuTh 09:30 AM-10:50 AM,CS 348 AI MWF 11:00 AM-11:50 AM,CS 340 Networking TuTh 09:30 AM-10:50 AM,CS 339 Databases TuTh 11:00 AM-12:20 PM,CS 396 Intro to Web Development MW 12:30 PM-01:50 PM,,CE,MS,Fall 2021,CS,AI/ML,"C/C++, Java, JavaScript, Python","Algorithms, Compilers, Data structures, Databases, Discrete math, Machine learning, Networks, Operating systems, Statistics",0
name208,CS 496 Graduate Algorithms TuTh 11:00 AM-12:20 PM,CS 396 Modeling Relationships with Causal Inference MW 05:00 PM-06:20 PM,CS 396 Kolmogorov Complexity TuTh 12:30 PM-01:50 PM,CS 496 Visualization for Scientific Communication W 03:00 PM-05:50 PM,CS 496 Topics in Complexity MW 03:30 PM-04:50 PM,,CS,MS,Spring 2021,CS,,"C/C++, Java, Python","Algorithms, Compilers, Data structures, Databases, Discrete math, Machine learning, Networks, Operating systems, Statistics",0
name209,CS 496 Graduate Algorithms TuTh 11:00 AM-12:20 PM,CS 371 Knowledge Representation and Reasoning TuTh 02:00 PM-03:20 PM,CS 396/496 Advanced Topics in Modern Cryptography TuTh 09:30 AM-10:50 AM,CS 496 Distributed Systems in Challenging Environments MW 03:30 PM-04:50 PM,CS 396 Social Networks Analysis Th 06:30 PM-09:20 PM,,CS,PhD,Fall 2021,CS,AI/ML,"C/C++, Java, PHP, Python",Machine learning,0
name210,CS 348 AI MWF 11:00 AM-11:50 AM,,,,,,MSR,MS,Fall 2021,ME,,"JavaScript, Python",Machine learning,0
name211,CS 340 Networking TuTh 09:30 AM-10:50 AM,CS 339 Databases TuTh 11:00 AM-12:20 PM,CS 343 Operating Systems TuTh 09:30 AM-10:50 AM,CS 397/497 Data Privacy TuTh 03:30 PM-04:50 PM,CS 322 Compilers TuTh 05:00 PM-06:20 PM,,CS,MS,Fall 2021,CS,AI/ML,"C/C++, Java, JavaScript, Python","Algorithms, Compilers, Data structures, Databases, Discrete math, Machine learning, Networks, Operating systems, Statistics",0
name212,CS 496 Graduate Algorithms TuTh 11:00 AM-12:20 PM,CS 336 Algorithms TuTh 09:30 AM-10:50 AM,,,,,MSR,MSR,Fall 2021,Mech Eng,,Python,Machine learning,0
name213,CS 348 AI MWF 11:00 AM-11:50 AM,CS 496 Visualization for Scientific Communication W 03:00 PM-05:50 PM,CS 339 Databases TuTh 11:00 AM-12:20 PM,CS 351.2 Intermediate CG TuTh 02:00 PM-03:20 PM,CS 377 Game Development Studio MW 06:30 PM-07:50 PM,,CS,MS,Fall 2021,CS,,"C/C++, C#, Java, Python",Machine learning,0
name214,CS 339 Databases TuTh 11:00 AM-12:20 PM,CS 340 Networking TuTh 09:30 AM-10:50 AM,CS 343 Operating Systems TuTh 09:30 AM-10:50 AM,CS 397/497 Data Privacy TuTh 03:30 PM-04:50 PM,CS 321 Programming languages TuTh 03:30 PM-04:50 PM,,CS,MS,Fall 2021,CE,,"C/C++, Java, JavaScript, Python, Swift","Algorithms, Data structures, Databases, Discrete math, Machine learning, Networks, Operating systems, Statistics",0
name215,CS 340 Networking TuTh 09:30 AM-10:50 AM,CS 343 Operating Systems TuTh 09:30 AM-10:50 AM,CS 371 Knowledge Representation and Reasoning TuTh 02:00 PM-03:20 PM,CS 396 Social Networks Analysis Th 06:30 PM-09:20 PM,CS 339 Databases TuTh 11:00 AM-12:20 PM,,CS,MS,Fall 2021,CS,,"C/C++, Java, JavaScript, Python","Algorithms, Compilers, Data structures, Databases, Discrete math, Machine learning, Networks, Operating systems, Statistics",0
name216,CS 348 AI MWF 11:00 AM-11:50 AM,CS 496 Visualization for Scientific Communication W 03:00 PM-05:50 PM,CS 339 Databases TuTh 11:00 AM-12:20 PM,CS 351.2 Intermediate CG TuTh 02:00 PM-03:20 PM,CS 377 Game Development Studio MW 06:30 PM-07:50 PM,,CS,MS,Fall 2021,CS,,"C/C++, C#, Java, JavaScript, Python","Algorithms, Data structures, Discrete math, Machine learning, Networks, Statistics",0
name217,CS 396 Social Networks Analysis Th 06:30 PM-09:20 PM,CS 396/496 Interactive Information Visualization TuTh 03:30 PM-04:50 PM,,,,,MSIT,MS,Fall 2021,Math,,Python,,0
name218,CS 496 Distributed Systems in Challenging Environments MW 03:30 PM-04:50 PM,,,,,,MS Robotics,MS Robotics,Fall 2021,ME + EE,,"C/C++, Java, Python",,0
name219,CS 397/497 INNOVATION LAB Building Technologies for the Law Tu 02:30 PM-05:30 PM,CS 338 Practicum in Intelligent Information Systems TuTh 11:00 AM-12:20 PM,CS 396 Social Networks Analysis Th 06:30 PM-09:20 PM,CS 339 Databases TuTh 11:00 AM-12:20 PM,CS 396/496 Interactive Information Visualization TuTh 03:30 PM-04:50 PM,,CS,MS,Winter 2021,CE,AI/ML,"C/C++, Java, JavaScript, PHP, Python","Algorithms, Compilers, Data structures, Databases, Discrete math, Machine learning, Networks, Operating systems, Statistics",0
name220,CS 321 Programming languages TuTh 03:30 PM-04:50 PM,CS 338 Practicum in Intelligent Information Systems TuTh 11:00 AM-12:20 PM,CS 336 Algorithms TuTh 09:30 AM-10:50 AM,CS 396 Social Networks Analysis Th 06:30 PM-09:20 PM,CS 371 Knowledge Representation and Reasoning TuTh 02:00 PM-03:20 PM,,CE,MS,Fall 2021,CS,Systems,"C/C++, C#, Java, Python","Algorithms, Data structures, Databases, Machine learning, Networks, Operating systems, Statistics",0
name221,CS 340 Networking TuTh 09:30 AM-10:50 AM,CS 331 Intro. Computation Phototography MW 12:30 PM-01:50 PM,CS 339 Databases TuTh 11:00 AM-12:20 PM,CS 322 Compilers TuTh 05:00 PM-06:20 PM,,,MSIT,MS,Fall 2021,CS,,"C/C++, Java, JavaScript, Rust","Algorithms, Data structures, Discrete math, Machine learning, Operating systems, Statistics",0
name222,CS 396/496 Advanced Topics in Modern Cryptography TuTh 09:30 AM-10:50 AM,CS 397/497 Data Privacy TuTh 03:30 PM-04:50 PM,CS 336 Algorithms TuTh 09:30 AM-10:50 AM,CS 340 Networking TuTh 09:30 AM-10:50 AM,CS 348 AI MWF 11:00 AM-11:50 AM,,CS,MSIT,Fall 2021,,Security,"C/C++, Python","Data structures, Discrete math, Operating systems",0
name223,CS 396 Intro to Web Development MW 12:30 PM-01:50 PM,CS 338 Practicum in Intelligent Information Systems TuTh 11:00 AM-12:20 PM,CS 349 ML MW 12:30 PM-01:50 PM,CS 397/497 INNOVATION LAB Building Technologies for the Law Tu 02:30 PM-05:30 PM,CS 396 Generative Methods MW 08:00 AM-09:20 AM,,CS,MS,Fall 2021,CS,AI/ML,"C/C++, JavaScript, Python","Algorithms, Compilers, Data structures, Databases, Discrete math, Machine learning, Networks, Operating systems, Statistics, Rapid Prototype Testing (497)",0
name224,CS 396 Intro to Web Development MW 12:30 PM-01:50 PM,CS 338 Practicum in Intelligent Information Systems TuTh 11:00 AM-12:20 PM,CS 397/497 INNOVATION LAB Building Technologies for the Law Tu 02:30 PM-05:30 PM,CS 339 Databases TuTh 11:00 AM-12:20 PM,CS 396 Generative Methods MW 08:00 AM-09:20 AM,,CS,MS,Fall 2021,CS,AI/ML,"C/C++, JavaScript, Python","Algorithms, Compilers, Data structures, Databases, Discrete math, Machine learning, Networks, Operating systems, Statistics",0
name225,CS 321 Programming languages TuTh 03:30 PM-04:50 PM,CS 322 Compilers TuTh 05:00 PM-06:20 PM,CS 343 Operating Systems TuTh 09:30 AM-10:50 AM,CS 339 Databases TuTh 11:00 AM-12:20 PM,CS 340 Networking TuTh 09:30 AM-10:50 AM,,CS,MS,Fall 2021,,,"C/C++, Go, Java, Lisp, Python, Rust","Algorithms, Data structures, Databases, Networks, Statistics",0
name226,CS 377 Game Development Studio MW 06:30 PM-07:50 PM,CS 371 Knowledge Representation and Reasoning TuTh 02:00 PM-03:20 PM,CS 348 AI MWF 11:00 AM-11:50 AM,CS 331 Intro. Computation Phototography MW 12:30 PM-01:50 PM,CS 396 Intro to Web Development MW 12:30 PM-01:50 PM,,CS,MS,Fall 2021,CS,,,"Algorithms, Data structures, Discrete math, Machine learning, Networks, Operating systems, Statistics",0
name227,CS 396 Communicating Computer Science MW 05:00 PM-06:20 PM,CS 496 Visualization for Scientific Communication W 03:00 PM-05:50 PM,CS 321 Programming languages TuTh 03:30 PM-04:50 PM,,,,CS,PhD,Fall 2021,CS,HCI/Graphics,"Java, Python","Algorithms, Data structures, Discrete math, Operating systems",0
name228,CS 397/497 Data Privacy TuTh 03:30 PM-04:50 PM,,,,,,MSIT,MSIT,Fall 2021,CS,,"C/C++, Java, JavaScript, Python","Algorithms, Data structures, Databases, Machine learning, Networks, Statistics, Computer Networks,Cybersecurity Attacks and Counter Measures",0
name229,CS 396 Intro to Web Development MW 12:30 PM-01:50 PM,CS 396 Social Networks Analysis Th 06:30 PM-09:20 PM,,,,,CS,MS,Fall 2020,CE,AI/ML,"C/C++, Python","Algorithms, Data structures, Machine learning, Networks, Statistics",0
name230,CS 496 Graduate Algorithms TuTh 11:00 AM-12:20 PM,CS 496 Visualization for Scientific Communication W 03:00 PM-05:50 PM,CS 396 Advanced Algorithm Design through the Lens of Competitive Programming F 02:00 PM-04:50 PM,,,,CS,MS,Before Fall 2019,Economics,,"C/C++, Python","Algorithms, Data structures, Discrete math, Machine learning, Networks, Statistics",0
name231,CS 496 Graduate Algorithms TuTh 11:00 AM-12:20 PM,CS 377 Game Development Studio MW 06:30 PM-07:50 PM,CS 343 Operating Systems TuTh 09:30 AM-10:50 AM,CS 340 Networking TuTh 09:30 AM-10:50 AM,CS 396 Intro to Web Development MW 12:30 PM-01:50 PM,,CS,MS,Fall 2021,ChemE,,,"Algorithms, Data structures, Databases, Machine learning",0
name232,CS 348 AI MWF 11:00 AM-11:50 AM,CS 336 Algorithms TuTh 09:30 AM-10:50 AM,CS 396 Advanced Algorithm Design through the Lens of Competitive Programming F 02:00 PM-04:50 PM,,,,CE,PhD,Fall 2021,Electronics and Instrumentation,AI/ML,Python,"Data structures, Machine learning, ComputerArchitecture",0
name233,CS 396 Intro to Web Development MW 12:30 PM-01:50 PM,CS 396 Generative Methods MW 08:00 AM-09:20 AM,,,,,CS,MS,Winter 2021,CS and Math,AI/ML,"Python, Exposure to plenty of other languages but would need refreshes.","Algorithms, Data structures, Discrete math, Machine learning, Networks, Operating systems, Statistics",0
name234,CS 496 Graduate Algorithms TuTh 11:00 AM-12:20 PM,CS 496 Topics in Complexity MW 03:30 PM-04:50 PM,,,,,CS,PhD,Fall 2021,,,,,0
name235,CS 321 Programming languages TuTh 03:30 PM-04:50 PM,CS 339 Databases TuTh 11:00 AM-12:20 PM,CS 450 Internet Security MW 09:30 AM-10:50 AM,CS 396 Intro to Web Development MW 12:30 PM-01:50 PM,CS 396/496 Advanced Topics in Modern Cryptography TuTh 09:30 AM-10:50 AM,,CS,MS,Winter 2021,CS,,"C/C++, JavaScript, Python","Algorithms, Data structures, Discrete math, Machine learning, Networks",0
name236,CS 496 Graduate Algorithms TuTh 11:00 AM-12:20 PM,CS 450 Internet Security MW 09:30 AM-10:50 AM,CS 496 Distributed Systems in Challenging Environments MW 03:30 PM-04:50 PM,CS 396/496 Advanced Topics in Modern Cryptography TuTh 09:30 AM-10:50 AM,CS 396/496 Interactive Information Visualization TuTh 03:30 PM-04:50 PM,,CS,MS,Fall 2021,CS,,"C/C++, Java, JavaScript, Python",,0
name237,CS 396 Generative Methods MW 08:00 AM-09:20 AM,,,,,,CS,PhD,Fall 2020,EE,HCI/Graphics,"C/C++, JavaScript, Python",Machine learning,0
name238,CS 396/496 Interactive Information Visualization TuTh 03:30 PM-04:50 PM,CS 348 AI MWF 11:00 AM-11:50 AM,,,,,CE,MS,Fall 2021,CS,,"C/C++, Java, Python","Algorithms, Data structures, Databases, Discrete math, Networks, Operating systems, Statistics",0
name239,CS 340 Networking TuTh 09:30 AM-10:50 AM,CS 349 ML MW 12:30 PM-01:50 PM,CS 348 AI MWF 11:00 AM-11:50 AM,,,,CS,MS,Fall 2021,MaDE,AI/ML,"C/C++, JavaScript, Rust","Algorithms, Data structures",0
name240,CS 371 Knowledge Representation and Reasoning TuTh 02:00 PM-03:20 PM,CS 322 Compilers TuTh 05:00 PM-06:20 PM,CS 338 Practicum in Intelligent Information Systems TuTh 11:00 AM-12:20 PM,CS 496 Graduate Algorithms TuTh 11:00 AM-12:20 PM,CS 396 Advanced Algorithm Design through the Lens of Competitive Programming F 02:00 PM-04:50 PM,,CS,MS,Fall 2021,CE,,"C/C++, Java, JavaScript, Python","Algorithms, Data structures, Databases, Machine learning, Networks, Operating systems",0
name241,CS 496 Distributed Systems in Challenging Environments MW 03:30 PM-04:50 PM,CS 396/496 Interactive Information Visualization TuTh 03:30 PM-04:50 PM,CS 496 Visualization for Scientific Communication W 03:00 PM-05:50 PM,CS 396 Generative Methods MW 08:00 AM-09:20 AM,CS 331 Intro. Computation Phototography MW 12:30 PM-01:50 PM,,CS,MS,Spring 2021,"Digital Media Technology, minor in CS",currently do not have,"C/C++, Java, JavaScript, Python, HTML/CSS, SQL","Algorithms, Data structures, Databases, Discrete math, Machine learning, Operating systems",0
name242,CS 396 Intro to Web Development MW 12:30 PM-01:50 PM,CS 396/496 Interactive Information Visualization TuTh 03:30 PM-04:50 PM,CS 348 AI MWF 11:00 AM-11:50 AM,CS 396 Advanced Algorithm Design through the Lens of Competitive Programming F 02:00 PM-04:50 PM,CS 338 Practicum in Intelligent Information Systems TuTh 11:00 AM-12:20 PM,,CS,MS,Winter 2021,CS,HCI/Graphics,"C/C++, C#, Go, Java, JavaScript, Python","Algorithms, Compilers, Data structures, Databases, Discrete math, Machine learning, Networks, Operating systems, Statistics",0
name243,CS 371 Knowledge Representation and Reasoning TuTh 02:00 PM-03:20 PM,CS 396 Generative Methods MW 08:00 AM-09:20 AM,,,,,Masters of Robotics,MS,Fall 2021,CS and EE,,"C/C++, Python","Algorithms, Data structures, Discrete math, Machine learning, Statistics, Artificial Intelligence, Signal Processing",0
name244,CS 396 Intro to Web Development MW 12:30 PM-01:50 PM,CS 340 Networking TuTh 09:30 AM-10:50 AM,CS 338 Practicum in Intelligent Information Systems TuTh 11:00 AM-12:20 PM,CS 496 Visualization for Scientific Communication W 03:00 PM-05:50 PM,,,CS,MS,Fall 2019,CS,HCI/Graphics,"C/C++, Java, JavaScript, Python","Algorithms, Data structures, Discrete math, Machine learning, Operating systems, Statistics",0
name245,CS 343 Operating Systems TuTh 09:30 AM-10:50 AM,CS 396 Intro to Web Development MW 12:30 PM-01:50 PM,CS 396 Advanced Algorithm Design through the Lens of Competitive Programming F 02:00 PM-04:50 PM,CS 340 Networking TuTh 09:30 AM-10:50 AM,,,CS,MS,Winter 2021,Math,Systems,C/C++,,0
